epoch,avg_train_loss,avg_val_loss,avg_val_corr,run,lstm_attn,lstm_bidirectional,lstm_hiddensize,lstm_dropout,lstm_layers,elmo_layer,bert_layer,bert_large,embedding
0,0.8855204235762357,0.4136927708983421,0.6498712808602148,elmo_lstm_attn,True,True,400,0.1,2,1,-1,False,elmo
1,0.5204550703987479,0.4395486623048782,0.7312229857078074,elmo_lstm_attn,True,True,400,0.1,2,1,-1,False,elmo
2,0.3519615690223873,0.4793207086622715,0.7382569911099406,elmo_lstm_attn,True,True,400,0.1,2,1,-1,False,elmo
3,0.2501355201937258,0.5089859396219254,0.7386294382305443,elmo_lstm_attn,True,True,400,0.1,2,1,-1,False,elmo
4,0.1756790759973228,0.49556141942739484,0.7361535065637558,elmo_lstm_attn,True,True,400,0.1,2,1,-1,False,elmo
5,0.1245529496576637,0.4888160228729248,0.7256397497487452,elmo_lstm_attn,True,True,400,0.1,2,1,-1,False,elmo
6,0.09068231238052249,0.512007699906826,0.7295418692475846,elmo_lstm_attn,True,True,400,0.1,2,1,-1,False,elmo
7,0.062245740427169946,0.5102997675538063,0.7258467494964611,elmo_lstm_attn,True,True,400,0.1,2,1,-1,False,elmo
8,0.047749325528275224,0.5004685215651989,0.7283997150942927,elmo_lstm_attn,True,True,400,0.1,2,1,-1,False,elmo
9,0.03752134904498235,0.5017429649829864,0.7250920347021084,elmo_lstm_attn,True,True,400,0.1,2,1,-1,False,elmo
10,0.03248591786250472,0.5039395749568939,0.7306471643315804,elmo_lstm_attn,True,True,400,0.1,2,1,-1,False,elmo
11,0.029288001422537492,0.49746847301721575,0.7275461927525906,elmo_lstm_attn,True,True,400,0.1,2,1,-1,False,elmo
12,0.026472591317724437,0.4982461377978325,0.7297424598941848,elmo_lstm_attn,True,True,400,0.1,2,1,-1,False,elmo
13,0.025319882831536234,0.4794329941272736,0.7245707254018537,elmo_lstm_attn,True,True,400,0.1,2,1,-1,False,elmo
14,0.02315268368110992,0.4771337300539017,0.7263876320084515,elmo_lstm_attn,True,True,400,0.1,2,1,-1,False,elmo
15,0.021702591166831552,0.4893563032150269,0.7294042471459183,elmo_lstm_attn,True,True,400,0.1,2,1,-1,False,elmo
16,0.020468760651419872,0.4987776279449463,0.7285130353195945,elmo_lstm_attn,True,True,400,0.1,2,1,-1,False,elmo
17,0.020231518323998898,0.4900931783020496,0.7259361630430482,elmo_lstm_attn,True,True,400,0.1,2,1,-1,False,elmo
18,0.0184004986891523,0.4922625280916691,0.7305696117060922,elmo_lstm_attn,True,True,400,0.1,2,1,-1,False,elmo
19,0.01771659781516064,0.4884490936994553,0.7277268306946999,elmo_lstm_attn,True,True,400,0.1,2,1,-1,False,elmo
20,0.017673726638895458,0.48501482605934143,0.7248537987730095,elmo_lstm_attn,True,True,400,0.1,2,1,-1,False,elmo
21,0.01716147496481426,0.49195626750588417,0.7307170538351602,elmo_lstm_attn,True,True,400,0.1,2,1,-1,False,elmo
22,0.016871018285746685,0.48413480818271637,0.7255450987343484,elmo_lstm_attn,True,True,400,0.1,2,1,-1,False,elmo
23,0.01649980401271023,0.47718860432505605,0.7270883857088306,elmo_lstm_attn,True,True,400,0.1,2,1,-1,False,elmo
24,0.01613085918070283,0.4990276023745537,0.7309049882757847,elmo_lstm_attn,True,True,400,0.1,2,1,-1,False,elmo
25,0.015688936522929,0.47637097015976904,0.7342083691252375,elmo_lstm_attn,True,True,400,0.1,2,1,-1,False,elmo
26,0.015978712734067813,0.4928465560078621,0.7312930920037901,elmo_lstm_attn,True,True,400,0.1,2,1,-1,False,elmo
27,0.015517841221299022,0.4885613851249218,0.7302849182932885,elmo_lstm_attn,True,True,400,0.1,2,1,-1,False,elmo
28,0.015570159498020075,0.49490680992603303,0.7335741354894474,elmo_lstm_attn,True,True,400,0.1,2,1,-1,False,elmo
29,0.014701079117367044,0.48408812656998634,0.7365191358362706,elmo_lstm_attn,True,True,400,0.1,2,1,-1,False,elmo
30,0.015348835862823762,0.4911051668226719,0.734910136598345,elmo_lstm_attn,True,True,400,0.1,2,1,-1,False,elmo
31,0.015891819493845105,0.4857609584927559,0.7328118753239128,elmo_lstm_attn,True,True,400,0.1,2,1,-1,False,elmo
32,0.015247265188372694,0.49260968193411825,0.7313956123289693,elmo_lstm_attn,True,True,400,0.1,2,1,-1,False,elmo
33,0.01444783049810212,0.48336843922734263,0.735222573749309,elmo_lstm_attn,True,True,400,0.1,2,1,-1,False,elmo
34,0.013822056786739267,0.49895860850811,0.7331687295678335,elmo_lstm_attn,True,True,400,0.1,2,1,-1,False,elmo
35,0.014116569550242274,0.48595725297927855,0.7363473366673947,elmo_lstm_attn,True,True,400,0.1,2,1,-1,False,elmo
36,0.014527893520426004,0.48456321358680726,0.732590205851179,elmo_lstm_attn,True,True,400,0.1,2,1,-1,False,elmo
37,0.014368658493913245,0.481810100376606,0.732564976575932,elmo_lstm_attn,True,True,400,0.1,2,1,-1,False,elmo
38,0.015285562540520914,0.4968228541314602,0.7366133177252505,elmo_lstm_attn,True,True,400,0.1,2,1,-1,False,elmo
39,0.014685348479542882,0.48759535402059556,0.7365837129568638,elmo_lstm_attn,True,True,400,0.1,2,1,-1,False,elmo
40,0.014084609139536042,0.4833191424608231,0.7349815821328811,elmo_lstm_attn,True,True,400,0.1,2,1,-1,False,elmo
41,0.01363244873646181,0.489480721950531,0.7368900651797967,elmo_lstm_attn,True,True,400,0.1,2,1,-1,False,elmo
42,0.013606789393816144,0.48719651699066163,0.7363581615150803,elmo_lstm_attn,True,True,400,0.1,2,1,-1,False,elmo
43,0.014432654964912217,0.48721572384238243,0.7340824900000128,elmo_lstm_attn,True,True,400,0.1,2,1,-1,False,elmo
44,0.013764875165361446,0.4863246887922287,0.7387142976290776,elmo_lstm_attn,True,True,400,0.1,2,1,-1,False,elmo
45,0.013339445440215059,0.4899045810103416,0.7367024917966422,elmo_lstm_attn,True,True,400,0.1,2,1,-1,False,elmo
46,0.014164920955954586,0.4801011383533478,0.7366595998333189,elmo_lstm_attn,True,True,400,0.1,2,1,-1,False,elmo
47,0.013578546787903179,0.4929690420627594,0.7348337326682008,elmo_lstm_attn,True,True,400,0.1,2,1,-1,False,elmo
48,0.012965120204171399,0.48527348339557647,0.7389590164247866,elmo_lstm_attn,True,True,400,0.1,2,1,-1,False,elmo
49,0.01310717139931512,0.4829807564616203,0.7364420441360477,elmo_lstm_attn,True,True,400,0.1,2,1,-1,False,elmo
50,0.012614670769835357,0.5012091055512429,0.7393450052127613,elmo_lstm_attn,True,True,400,0.1,2,1,-1,False,elmo
51,0.012118983446998754,0.4760770134627819,0.7359606275691182,elmo_lstm_attn,True,True,400,0.1,2,1,-1,False,elmo
52,0.012137404204986523,0.48613935336470604,0.7369707145936136,elmo_lstm_attn,True,True,400,0.1,2,1,-1,False,elmo
53,0.01267120430857176,0.49504405036568644,0.7381475214474685,elmo_lstm_attn,True,True,400,0.1,2,1,-1,False,elmo
54,0.012540533280116506,0.4822962209582329,0.7392955944821666,elmo_lstm_attn,True,True,400,0.1,2,1,-1,False,elmo
55,0.012012325771502219,0.4821117788553238,0.735134251353147,elmo_lstm_attn,True,True,400,0.1,2,1,-1,False,elmo
56,0.012145077128661797,0.47693491280078887,0.7388634833246668,elmo_lstm_attn,True,True,400,0.1,2,1,-1,False,elmo
57,0.012274435810104478,0.48590209037065507,0.74015441974698,elmo_lstm_attn,True,True,400,0.1,2,1,-1,False,elmo
58,0.012769570091040804,0.4909547075629234,0.7369429217009119,elmo_lstm_attn,True,True,400,0.1,2,1,-1,False,elmo
59,0.01293411741789896,0.48775794506073,0.7401419067066607,elmo_lstm_attn,True,True,400,0.1,2,1,-1,False,elmo
60,0.012381447244843002,0.48490331172943113,0.7385235732413238,elmo_lstm_attn,True,True,400,0.1,2,1,-1,False,elmo
61,0.012107687558454927,0.48945830166339876,0.7401375663811705,elmo_lstm_attn,True,True,400,0.1,2,1,-1,False,elmo
62,0.012233116662537213,0.4799694448709488,0.7411241192163747,elmo_lstm_attn,True,True,400,0.1,2,1,-1,False,elmo
63,0.012631447265448514,0.4811989165842533,0.737604021210619,elmo_lstm_attn,True,True,400,0.1,2,1,-1,False,elmo
64,0.01202767555223545,0.4928970247507095,0.7425080966587501,elmo_lstm_attn,True,True,400,0.1,2,1,-1,False,elmo
65,0.011775114245392616,0.485339480638504,0.739580502137118,elmo_lstm_attn,True,True,400,0.1,2,1,-1,False,elmo
66,0.011369187293166761,0.4795971155166626,0.7405865358879564,elmo_lstm_attn,True,True,400,0.1,2,1,-1,False,elmo
67,0.011033681529806928,0.484178851544857,0.7420698900699059,elmo_lstm_attn,True,True,400,0.1,2,1,-1,False,elmo
68,0.012190586891665588,0.486277075111866,0.7395517249578647,elmo_lstm_attn,True,True,400,0.1,2,1,-1,False,elmo
69,0.011783298843511147,0.4828221693634987,0.7394777789972287,elmo_lstm_attn,True,True,400,0.1,2,1,-1,False,elmo
70,0.01177177175268298,0.4914794772863388,0.7412500613435553,elmo_lstm_attn,True,True,400,0.1,2,1,-1,False,elmo
71,0.011861075881461148,0.49396148771047593,0.7417295913861969,elmo_lstm_attn,True,True,400,0.1,2,1,-1,False,elmo
72,0.011468971343128942,0.48293929249048234,0.7416153019289509,elmo_lstm_attn,True,True,400,0.1,2,1,-1,False,elmo
73,0.011149466400092933,0.49074675887823105,0.7404738287769975,elmo_lstm_attn,True,True,400,0.1,2,1,-1,False,elmo
74,0.01106111426051939,0.48681319802999495,0.7434792759986856,elmo_lstm_attn,True,True,400,0.1,2,1,-1,False,elmo
75,0.0112643476924859,0.47856527119874953,0.7406110643985933,elmo_lstm_attn,True,True,400,0.1,2,1,-1,False,elmo
76,0.011179263967642327,0.48706425726413727,0.7426073783452682,elmo_lstm_attn,True,True,400,0.1,2,1,-1,False,elmo
77,0.010944326384924352,0.49202530905604364,0.7425840685155906,elmo_lstm_attn,True,True,400,0.1,2,1,-1,False,elmo
78,0.011613007917185314,0.4905139237642288,0.7403444216675119,elmo_lstm_attn,True,True,400,0.1,2,1,-1,False,elmo
79,0.011660899023991079,0.4870739832520485,0.7437951417294462,elmo_lstm_attn,True,True,400,0.1,2,1,-1,False,elmo
80,0.011528485495364293,0.47990044876933097,0.742126295866599,elmo_lstm_attn,True,True,400,0.1,2,1,-1,False,elmo
81,0.01158807146421168,0.4864842243492603,0.7422473355835557,elmo_lstm_attn,True,True,400,0.1,2,1,-1,False,elmo
82,0.011191184168274049,0.48631041646003725,0.7429522933211928,elmo_lstm_attn,True,True,400,0.1,2,1,-1,False,elmo
83,0.011415188745013438,0.4845122754573822,0.742518967379733,elmo_lstm_attn,True,True,400,0.1,2,1,-1,False,elmo
84,0.011807362840045244,0.4833008922636509,0.7432781776905497,elmo_lstm_attn,True,True,400,0.1,2,1,-1,False,elmo
85,0.011556616755842696,0.47394662350416183,0.7416314470328481,elmo_lstm_attn,True,True,400,0.1,2,1,-1,False,elmo
86,0.01229852559918072,0.4877037800848484,0.744246875221408,elmo_lstm_attn,True,True,400,0.1,2,1,-1,False,elmo
87,0.012328469241037966,0.49351209253072736,0.7439627985316876,elmo_lstm_attn,True,True,400,0.1,2,1,-1,False,elmo
88,0.011388629522116389,0.4818419061601162,0.7428660321792699,elmo_lstm_attn,True,True,400,0.1,2,1,-1,False,elmo
89,0.011578115226438968,0.48459548875689507,0.743898351650315,elmo_lstm_attn,True,True,400,0.1,2,1,-1,False,elmo
90,0.012237702267884742,0.4869576871395111,0.7433077134586787,elmo_lstm_attn,True,True,400,0.1,2,1,-1,False,elmo
91,0.011835871169751044,0.48303921818733214,0.7442918681688846,elmo_lstm_attn,True,True,400,0.1,2,1,-1,False,elmo
92,0.011574356340133818,0.48287977278232574,0.7435108702906086,elmo_lstm_attn,True,True,400,0.1,2,1,-1,False,elmo
93,0.01125825319904834,0.4841715067625046,0.7447808018811328,elmo_lstm_attn,True,True,400,0.1,2,1,-1,False,elmo
94,0.011063699881196954,0.48045258074998853,0.7445611871591369,elmo_lstm_attn,True,True,400,0.1,2,1,-1,False,elmo
95,0.011141592552303337,0.48679830729961393,0.7463668361558897,elmo_lstm_attn,True,True,400,0.1,2,1,-1,False,elmo
96,0.011149170470889657,0.4771828293800354,0.7448315939821266,elmo_lstm_attn,True,True,400,0.1,2,1,-1,False,elmo
97,0.011498034045507666,0.48760032281279564,0.7452054305722497,elmo_lstm_attn,True,True,400,0.1,2,1,-1,False,elmo
98,0.011415794753702357,0.4889455378055573,0.7457322936645435,elmo_lstm_attn,True,True,400,0.1,2,1,-1,False,elmo
99,0.011105643610062544,0.48684808760881426,0.7436658821984794,elmo_lstm_attn,True,True,400,0.1,2,1,-1,False,elmo
100,0.010719656322180526,0.4992502972483635,0.7468438823635306,elmo_lstm_attn,True,True,400,0.1,2,1,-1,False,elmo
101,0.010782388797815656,0.49467998892068865,0.7461292477448309,elmo_lstm_attn,True,True,400,0.1,2,1,-1,False,elmo
102,0.011168660480325342,0.48375011384487154,0.7451143598744595,elmo_lstm_attn,True,True,400,0.1,2,1,-1,False,elmo
103,0.010972325339389499,0.48288168385624886,0.745570789332793,elmo_lstm_attn,True,True,400,0.1,2,1,-1,False,elmo
104,0.010765903747960692,0.48708739802241324,0.7465819957247012,elmo_lstm_attn,True,True,400,0.1,2,1,-1,False,elmo
105,0.010580977544304915,0.4831732377409935,0.7436072163014334,elmo_lstm_attn,True,True,400,0.1,2,1,-1,False,elmo
106,0.010483149217907339,0.4847999483346939,0.7480606118527345,elmo_lstm_attn,True,True,400,0.1,2,1,-1,False,elmo
107,0.010008810934959912,0.49357241690158843,0.7448951937505959,elmo_lstm_attn,True,True,400,0.1,2,1,-1,False,elmo
108,0.01028974844084587,0.48711361214518545,0.7464187547015946,elmo_lstm_attn,True,True,400,0.1,2,1,-1,False,elmo
109,0.01027540929353563,0.4815982669591904,0.7440067674536575,elmo_lstm_attn,True,True,400,0.1,2,1,-1,False,elmo
110,0.010632169336167863,0.49147934168577195,0.7464484443575736,elmo_lstm_attn,True,True,400,0.1,2,1,-1,False,elmo
111,0.01038626822119113,0.49208250641822815,0.7479197482341366,elmo_lstm_attn,True,True,400,0.1,2,1,-1,False,elmo
112,0.010329557318618754,0.4839285060763359,0.7474379767999588,elmo_lstm_attn,True,True,400,0.1,2,1,-1,False,elmo
113,0.010339206751814345,0.48560401648283,0.7469851586377113,elmo_lstm_attn,True,True,400,0.1,2,1,-1,False,elmo
114,0.009942500411852961,0.4867913037538528,0.7462578504212326,elmo_lstm_attn,True,True,400,0.1,2,1,-1,False,elmo
115,0.009891906262782867,0.49170922487974167,0.7479119793754383,elmo_lstm_attn,True,True,400,0.1,2,1,-1,False,elmo
116,0.010172278404206736,0.4796999357640743,0.7451569667807991,elmo_lstm_attn,True,True,400,0.1,2,1,-1,False,elmo
117,0.009733983587648255,0.4889571197330952,0.7473926152675842,elmo_lstm_attn,True,True,400,0.1,2,1,-1,False,elmo
118,0.010141165280947462,0.4892033226788044,0.7474994838162923,elmo_lstm_attn,True,True,400,0.1,2,1,-1,False,elmo
119,0.010153946084028576,0.4748758517205715,0.7446457155969274,elmo_lstm_attn,True,True,400,0.1,2,1,-1,False,elmo
120,0.00995670711126877,0.48812515288591385,0.7481115886906766,elmo_lstm_attn,True,True,400,0.1,2,1,-1,False,elmo
121,0.01012245964811882,0.480788254737854,0.7462959854399165,elmo_lstm_attn,True,True,400,0.1,2,1,-1,False,elmo
122,0.010353113284509163,0.48525678291916846,0.7485030578502141,elmo_lstm_attn,True,True,400,0.1,2,1,-1,False,elmo
123,0.009905070749664447,0.4757382035255432,0.7462320561491282,elmo_lstm_attn,True,True,400,0.1,2,1,-1,False,elmo
124,0.010007604071870447,0.492525152862072,0.7476430942230856,elmo_lstm_attn,True,True,400,0.1,2,1,-1,False,elmo
125,0.009837813945341622,0.4888919606804848,0.7474467682691591,elmo_lstm_attn,True,True,400,0.1,2,1,-1,False,elmo
126,0.00975271892748424,0.4899491980671883,0.7475889790401644,elmo_lstm_attn,True,True,400,0.1,2,1,-1,False,elmo
127,0.00991499663941795,0.47887930274009705,0.747465520671083,elmo_lstm_attn,True,True,400,0.1,2,1,-1,False,elmo
128,0.009751745936227962,0.4782817795872688,0.7486737023267447,elmo_lstm_attn,True,True,400,0.1,2,1,-1,False,elmo
129,0.009869436931330711,0.48612651154398917,0.7458502555571093,elmo_lstm_attn,True,True,400,0.1,2,1,-1,False,elmo
130,0.009853994795412291,0.4925507538020611,0.7476616662162927,elmo_lstm_attn,True,True,400,0.1,2,1,-1,False,elmo
131,0.00978790689696325,0.47719402685761453,0.7454685575707928,elmo_lstm_attn,True,True,400,0.1,2,1,-1,False,elmo
132,0.009895729245909025,0.47938465029001237,0.7476486783443695,elmo_lstm_attn,True,True,400,0.1,2,1,-1,False,elmo
133,0.00981072508584475,0.495242927223444,0.7477580319152508,elmo_lstm_attn,True,True,400,0.1,2,1,-1,False,elmo
134,0.009862800583505305,0.49055118709802625,0.7472615148743729,elmo_lstm_attn,True,True,400,0.1,2,1,-1,False,elmo
135,0.009864840934824315,0.4941250398755074,0.7477373815814803,elmo_lstm_attn,True,True,400,0.1,2,1,-1,False,elmo
136,0.009716919170023175,0.4808101490139961,0.7473618382786068,elmo_lstm_attn,True,True,400,0.1,2,1,-1,False,elmo
137,0.010216570176999085,0.48490126729011535,0.7480965442512014,elmo_lstm_attn,True,True,400,0.1,2,1,-1,False,elmo
138,0.01018701721332036,0.48702170997858046,0.7473772408042841,elmo_lstm_attn,True,True,400,0.1,2,1,-1,False,elmo
139,0.009754816331405892,0.488924378156662,0.7464520631605265,elmo_lstm_attn,True,True,400,0.1,2,1,-1,False,elmo
140,0.009981110586522846,0.4835834175348282,0.748401209353795,elmo_lstm_attn,True,True,400,0.1,2,1,-1,False,elmo
141,0.010451002298941603,0.49289109110832213,0.7480206248476942,elmo_lstm_attn,True,True,400,0.1,2,1,-1,False,elmo
142,0.010520228491805029,0.48040243089199064,0.7479279697995902,elmo_lstm_attn,True,True,400,0.1,2,1,-1,False,elmo
143,0.010717689280863852,0.4914768196642399,0.7503654309397229,elmo_lstm_attn,True,True,400,0.1,2,1,-1,False,elmo
144,0.010423609602730722,0.491033510863781,0.7472648035136878,elmo_lstm_attn,True,True,400,0.1,2,1,-1,False,elmo
145,0.009845237347326475,0.4965499982237816,0.7487997454501996,elmo_lstm_attn,True,True,400,0.1,2,1,-1,False,elmo
146,0.00995819452946307,0.4878039315342903,0.7491353542829661,elmo_lstm_attn,True,True,400,0.1,2,1,-1,False,elmo
147,0.00976655376580311,0.48309083953499793,0.7502626332955542,elmo_lstm_attn,True,True,400,0.1,2,1,-1,False,elmo
148,0.00960842818421952,0.48768815845251084,0.7485131499821767,elmo_lstm_attn,True,True,400,0.1,2,1,-1,False,elmo
149,0.009793799537146698,0.48980364874005317,0.7494801435783973,elmo_lstm_attn,True,True,400,0.1,2,1,-1,False,elmo
150,0.01002073246636428,0.48909766748547556,0.7473825472707161,elmo_lstm_attn,True,True,400,0.1,2,1,-1,False,elmo
151,0.009742583382467274,0.4852898508310318,0.7497154498740585,elmo_lstm_attn,True,True,400,0.1,2,1,-1,False,elmo
152,0.009933215389901306,0.4730159915983677,0.747848343263118,elmo_lstm_attn,True,True,400,0.1,2,1,-1,False,elmo
153,0.01055869863848784,0.47710670083761214,0.748176049289934,elmo_lstm_attn,True,True,400,0.1,2,1,-1,False,elmo
154,0.010282717347581637,0.490878601372242,0.7505236944645178,elmo_lstm_attn,True,True,400,0.1,2,1,-1,False,elmo
155,0.01015499423519941,0.48013939782977105,0.7490939916284136,elmo_lstm_attn,True,True,400,0.1,2,1,-1,False,elmo
156,0.010486938037502114,0.4864781618118286,0.7504046731719349,elmo_lstm_attn,True,True,400,0.1,2,1,-1,False,elmo
157,0.010512877114524598,0.48472277969121935,0.7500675366920619,elmo_lstm_attn,True,True,400,0.1,2,1,-1,False,elmo
158,0.009869453960709507,0.4850317813456059,0.749128284623858,elmo_lstm_attn,True,True,400,0.1,2,1,-1,False,elmo
159,0.009829988497222076,0.49035452008247377,0.7503548377293112,elmo_lstm_attn,True,True,400,0.1,2,1,-1,False,elmo
160,0.00994074505797471,0.4882250040769577,0.7496753364339371,elmo_lstm_attn,True,True,400,0.1,2,1,-1,False,elmo
161,0.010195586398185696,0.4674991503357887,0.7500210008664896,elmo_lstm_attn,True,True,400,0.1,2,1,-1,False,elmo
162,0.009871644726081286,0.48086039274930953,0.7505258141049607,elmo_lstm_attn,True,True,400,0.1,2,1,-1,False,elmo
163,0.00944892654006253,0.4831444352865219,0.7485135012978034,elmo_lstm_attn,True,True,400,0.1,2,1,-1,False,elmo
164,0.009701739197771531,0.4849657490849495,0.7525585072479126,elmo_lstm_attn,True,True,400,0.1,2,1,-1,False,elmo
165,0.009474215371301397,0.4823266640305519,0.7490370102362344,elmo_lstm_attn,True,True,400,0.1,2,1,-1,False,elmo
166,0.00965196713732439,0.4885961920022964,0.7491845134613836,elmo_lstm_attn,True,True,400,0.1,2,1,-1,False,elmo
167,0.009354326080938336,0.4842021405696869,0.7517062805563797,elmo_lstm_attn,True,True,400,0.1,2,1,-1,False,elmo
168,0.009442335170751904,0.4826246127486229,0.7492523027320829,elmo_lstm_attn,True,True,400,0.1,2,1,-1,False,elmo
169,0.009667841107511777,0.4872133038938046,0.7501717145541551,elmo_lstm_attn,True,True,400,0.1,2,1,-1,False,elmo
170,0.009283195273019374,0.4879819706082344,0.7485403540375669,elmo_lstm_attn,True,True,400,0.1,2,1,-1,False,elmo
171,0.008933577332209097,0.48770651817321775,0.7505814121769212,elmo_lstm_attn,True,True,400,0.1,2,1,-1,False,elmo
172,0.009072462668700609,0.4945883870124817,0.7519764193724472,elmo_lstm_attn,True,True,400,0.1,2,1,-1,False,elmo
173,0.009042770514497533,0.4929011523723602,0.751234606190906,elmo_lstm_attn,True,True,400,0.1,2,1,-1,False,elmo
174,0.009141194771655137,0.47991771101951597,0.750505642159665,elmo_lstm_attn,True,True,400,0.1,2,1,-1,False,elmo
175,0.009100165321069654,0.49085434153676033,0.7508454195493763,elmo_lstm_attn,True,True,400,0.1,2,1,-1,False,elmo
176,0.009226293667597928,0.49190030097961424,0.7485623633292535,elmo_lstm_attn,True,True,400,0.1,2,1,-1,False,elmo
177,0.009288044277127483,0.48156522065401075,0.7510541437657109,elmo_lstm_attn,True,True,400,0.1,2,1,-1,False,elmo
178,0.009249685590839362,0.4826856777071953,0.7507165720530397,elmo_lstm_attn,True,True,400,0.1,2,1,-1,False,elmo
179,0.0093751493273885,0.48724432960152625,0.7504722420001653,elmo_lstm_attn,True,True,400,0.1,2,1,-1,False,elmo
180,0.009022573425681912,0.47883588671684263,0.7497520593070341,elmo_lstm_attn,True,True,400,0.1,2,1,-1,False,elmo
181,0.009323674779443536,0.47586517333984374,0.7495554919379208,elmo_lstm_attn,True,True,400,0.1,2,1,-1,False,elmo
182,0.009430298678489634,0.4790713988244534,0.7503609215414004,elmo_lstm_attn,True,True,400,0.1,2,1,-1,False,elmo
183,0.009178062732462421,0.4909738257527351,0.7501735691038259,elmo_lstm_attn,True,True,400,0.1,2,1,-1,False,elmo
184,0.009175630216486753,0.48257755637168886,0.7512745341824008,elmo_lstm_attn,True,True,400,0.1,2,1,-1,False,elmo
185,0.009267032267234753,0.4825065195560455,0.7525902600589783,elmo_lstm_attn,True,True,400,0.1,2,1,-1,False,elmo
186,0.009114834599313327,0.4759711347520351,0.7507852890502439,elmo_lstm_attn,True,True,400,0.1,2,1,-1,False,elmo
187,0.009399147873045877,0.4929005399346352,0.7502904850320258,elmo_lstm_attn,True,True,400,0.1,2,1,-1,False,elmo
188,0.009190088394097984,0.49323966577649114,0.7522747163340486,elmo_lstm_attn,True,True,400,0.1,2,1,-1,False,elmo
189,0.00955301788271754,0.47530548423528673,0.7510357349674646,elmo_lstm_attn,True,True,400,0.1,2,1,-1,False,elmo
190,0.009614587366741034,0.4873917832970619,0.7491723321851983,elmo_lstm_attn,True,True,400,0.1,2,1,-1,False,elmo
191,0.009287427750678034,0.4882024258375168,0.7532268804804658,elmo_lstm_attn,True,True,400,0.1,2,1,-1,False,elmo
192,0.009412830554356332,0.4766580119729042,0.7499410256905559,elmo_lstm_attn,True,True,400,0.1,2,1,-1,False,elmo
193,0.00928904644533759,0.4814669921994209,0.7538509786067281,elmo_lstm_attn,True,True,400,0.1,2,1,-1,False,elmo
194,0.009207929289914318,0.49133498072624204,0.7511138499785565,elmo_lstm_attn,True,True,400,0.1,2,1,-1,False,elmo
195,0.009244628182204905,0.49007655680179596,0.7505201148786453,elmo_lstm_attn,True,True,400,0.1,2,1,-1,False,elmo
196,0.009162087239019456,0.48675897493958475,0.7515524023441806,elmo_lstm_attn,True,True,400,0.1,2,1,-1,False,elmo
197,0.009391626761862426,0.47649683207273485,0.7542936068352686,elmo_lstm_attn,True,True,400,0.1,2,1,-1,False,elmo
198,0.009268814986717189,0.4851754441857338,0.7517244850656515,elmo_lstm_attn,True,True,400,0.1,2,1,-1,False,elmo
199,0.00909069264671416,0.48264207914471624,0.7515939627374276,elmo_lstm_attn,True,True,400,0.1,2,1,-1,False,elmo
200,0.00908730610863131,0.48088692128658295,0.7529839892293827,elmo_lstm_attn,True,True,400,0.1,2,1,-1,False,elmo
201,0.00892050770089554,0.4824852138757706,0.7521484013925601,elmo_lstm_attn,True,True,400,0.1,2,1,-1,False,elmo
202,0.00876694147809758,0.48484959453344345,0.7519307244011461,elmo_lstm_attn,True,True,400,0.1,2,1,-1,False,elmo
203,0.008720276991880382,0.4877941094338894,0.7502397828561439,elmo_lstm_attn,True,True,400,0.1,2,1,-1,False,elmo
204,0.008744109050167027,0.4900463357567787,0.7517935562097084,elmo_lstm_attn,True,True,400,0.1,2,1,-1,False,elmo
205,0.0088170312159491,0.4794361889362335,0.7503305594851658,elmo_lstm_attn,True,True,400,0.1,2,1,-1,False,elmo
206,0.00892361021906254,0.48094142600893974,0.7502363756279562,elmo_lstm_attn,True,True,400,0.1,2,1,-1,False,elmo
207,0.008796648924180773,0.4817558079957962,0.7522052874606814,elmo_lstm_attn,True,True,400,0.1,2,1,-1,False,elmo
208,0.009074343936299556,0.4773083679378033,0.7518414364956254,elmo_lstm_attn,True,True,400,0.1,2,1,-1,False,elmo
209,0.008877852748628356,0.4962651878595352,0.7530060100579032,elmo_lstm_attn,True,True,400,0.1,2,1,-1,False,elmo
210,0.008766762097002357,0.4801686629652977,0.7524466523888211,elmo_lstm_attn,True,True,400,0.1,2,1,-1,False,elmo
211,0.008772236515687837,0.48075048327445985,0.7528254557655828,elmo_lstm_attn,True,True,400,0.1,2,1,-1,False,elmo
212,0.008835100614305702,0.49021602869033815,0.7522910929076836,elmo_lstm_attn,True,True,400,0.1,2,1,-1,False,elmo
213,0.009127224087933428,0.4913864076137543,0.7526145714712562,elmo_lstm_attn,True,True,400,0.1,2,1,-1,False,elmo
214,0.009135865828284295,0.47228355407714845,0.753719564846081,elmo_lstm_attn,True,True,400,0.1,2,1,-1,False,elmo
215,0.008978934643164394,0.48216221779584884,0.7533486986232018,elmo_lstm_attn,True,True,400,0.1,2,1,-1,False,elmo
216,0.009021687361382646,0.4881001263856888,0.7530389741793828,elmo_lstm_attn,True,True,400,0.1,2,1,-1,False,elmo
217,0.008754877037063125,0.48361373096704485,0.7522319597919817,elmo_lstm_attn,True,True,400,0.1,2,1,-1,False,elmo
218,0.008950812729017344,0.49335004985332487,0.7518866461258775,elmo_lstm_attn,True,True,400,0.1,2,1,-1,False,elmo
219,0.0089047422639851,0.4982356376945972,0.7525961943389812,elmo_lstm_attn,True,True,400,0.1,2,1,-1,False,elmo
220,0.00884662029784522,0.4739048458635807,0.7506611774803276,elmo_lstm_attn,True,True,400,0.1,2,1,-1,False,elmo
221,0.008863277285854565,0.4780508168041706,0.7518525560192798,elmo_lstm_attn,True,True,400,0.1,2,1,-1,False,elmo
222,0.00864585683812038,0.4901780351996422,0.7528918306511467,elmo_lstm_attn,True,True,400,0.1,2,1,-1,False,elmo
223,0.008582741204372723,0.4975969597697258,0.7536698561215258,elmo_lstm_attn,True,True,400,0.1,2,1,-1,False,elmo
224,0.008745065412585972,0.49276763424277303,0.7521316003030709,elmo_lstm_attn,True,True,400,0.1,2,1,-1,False,elmo
225,0.009087009020549885,0.48468192890286443,0.751659722908256,elmo_lstm_attn,True,True,400,0.1,2,1,-1,False,elmo
226,0.00891474648797157,0.490334452688694,0.7503397117991479,elmo_lstm_attn,True,True,400,0.1,2,1,-1,False,elmo
227,0.008829744538888917,0.48826661705970764,0.7530653647154637,elmo_lstm_attn,True,True,400,0.1,2,1,-1,False,elmo
228,0.00883518600530806,0.486000294983387,0.7521309256291715,elmo_lstm_attn,True,True,400,0.1,2,1,-1,False,elmo
229,0.008712928163731704,0.4831841617822647,0.7518188958789624,elmo_lstm_attn,True,True,400,0.1,2,1,-1,False,elmo
230,0.008578482676603017,0.4912590220570564,0.7520221359697745,elmo_lstm_attn,True,True,400,0.1,2,1,-1,False,elmo
231,0.008868707893270766,0.47374935150146485,0.7536042873931621,elmo_lstm_attn,True,True,400,0.1,2,1,-1,False,elmo
232,0.008772023678466212,0.48721415996551515,0.7533625668578108,elmo_lstm_attn,True,True,400,0.1,2,1,-1,False,elmo
233,0.008788858374464326,0.4880459986627102,0.7525100131139657,elmo_lstm_attn,True,True,400,0.1,2,1,-1,False,elmo
234,0.008554800998899737,0.49068503677845,0.7517478055134801,elmo_lstm_attn,True,True,400,0.1,2,1,-1,False,elmo
235,0.00871867361893237,0.47533915117383,0.7500195967015404,elmo_lstm_attn,True,True,400,0.1,2,1,-1,False,elmo
236,0.008775168747160934,0.4856616407632828,0.7532716731360477,elmo_lstm_attn,True,True,400,0.1,2,1,-1,False,elmo
237,0.008774652584543218,0.4893864870071411,0.7510974018549705,elmo_lstm_attn,True,True,400,0.1,2,1,-1,False,elmo
238,0.008844995059553185,0.4903489947319031,0.7524744074018995,elmo_lstm_attn,True,True,400,0.1,2,1,-1,False,elmo
239,0.008645106460608076,0.48856828957796095,0.7510545563761981,elmo_lstm_attn,True,True,400,0.1,2,1,-1,False,elmo
240,0.008628854750713798,0.49551804214715955,0.7519053811961696,elmo_lstm_attn,True,True,400,0.1,2,1,-1,False,elmo
241,0.008577224644614034,0.4893679775297642,0.7524263779964311,elmo_lstm_attn,True,True,400,0.1,2,1,-1,False,elmo
242,0.008650073606986552,0.4942938908934593,0.7527504255052309,elmo_lstm_attn,True,True,400,0.1,2,1,-1,False,elmo
243,0.008547611511494324,0.47998909205198287,0.7521490146358932,elmo_lstm_attn,True,True,400,0.1,2,1,-1,False,elmo
244,0.008311252059866093,0.4892547890543938,0.751383095754554,elmo_lstm_attn,True,True,400,0.1,2,1,-1,False,elmo
245,0.008436347913811915,0.48272633701562884,0.7542051489735285,elmo_lstm_attn,True,True,400,0.1,2,1,-1,False,elmo
246,0.008525025365815963,0.48033744245767596,0.7525128813471103,elmo_lstm_attn,True,True,400,0.1,2,1,-1,False,elmo
247,0.009078288612363395,0.4790715783834457,0.7528499255339629,elmo_lstm_attn,True,True,400,0.1,2,1,-1,False,elmo
248,0.008646146482351468,0.49079911410808563,0.7530144074771126,elmo_lstm_attn,True,True,400,0.1,2,1,-1,False,elmo
249,0.008577170771968668,0.48704182505607607,0.7528417336423519,elmo_lstm_attn,True,True,400,0.1,2,1,-1,False,elmo
250,0.008457961251406233,0.4804940611124039,0.7538526847813092,elmo_lstm_attn,True,True,400,0.1,2,1,-1,False,elmo
251,0.008367613302834798,0.4781727761030197,0.7545244418677568,elmo_lstm_attn,True,True,400,0.1,2,1,-1,False,elmo
252,0.00876357976012514,0.4761380091309547,0.7532265077024967,elmo_lstm_attn,True,True,400,0.1,2,1,-1,False,elmo
253,0.008717774565229774,0.487967249751091,0.7520995352970605,elmo_lstm_attn,True,True,400,0.1,2,1,-1,False,elmo
254,0.008491994783616974,0.49383788704872134,0.7526393149403928,elmo_lstm_attn,True,True,400,0.1,2,1,-1,False,elmo
255,0.008410994791120174,0.49678599312901495,0.752813506580113,elmo_lstm_attn,True,True,400,0.1,2,1,-1,False,elmo
256,0.008292953061754815,0.4863513670861721,0.7505931879308829,elmo_lstm_attn,True,True,400,0.1,2,1,-1,False,elmo
257,0.00840584478501114,0.4893775530159473,0.7529759152473132,elmo_lstm_attn,True,True,400,0.1,2,1,-1,False,elmo
258,0.008814367793820565,0.4874453112483025,0.7514405681663221,elmo_lstm_attn,True,True,400,0.1,2,1,-1,False,elmo
259,0.009232633969804737,0.4912024885416031,0.7504348553488789,elmo_lstm_attn,True,True,400,0.1,2,1,-1,False,elmo
260,0.009140653712529456,0.4909469477832317,0.7523141279735389,elmo_lstm_attn,True,True,400,0.1,2,1,-1,False,elmo
261,0.008808828636392717,0.4922787770628929,0.7530299358405287,elmo_lstm_attn,True,True,400,0.1,2,1,-1,False,elmo
262,0.008596920539275743,0.48909135162830353,0.7532252492923813,elmo_lstm_attn,True,True,400,0.1,2,1,-1,False,elmo
263,0.009043642192227707,0.48796910494565965,0.7532764249156243,elmo_lstm_attn,True,True,400,0.1,2,1,-1,False,elmo
264,0.008895144502093898,0.4950537532567978,0.7543349743471561,elmo_lstm_attn,True,True,400,0.1,2,1,-1,False,elmo
265,0.008753563537175069,0.48124492466449736,0.7529332641337736,elmo_lstm_attn,True,True,400,0.1,2,1,-1,False,elmo
266,0.008600822373773553,0.4835141524672508,0.7528666253241534,elmo_lstm_attn,True,True,400,0.1,2,1,-1,False,elmo
267,0.008512882521972642,0.4881025731563568,0.7526071640024851,elmo_lstm_attn,True,True,400,0.1,2,1,-1,False,elmo
268,0.008353188899491215,0.49539950117468834,0.7528769591282533,elmo_lstm_attn,True,True,400,0.1,2,1,-1,False,elmo
269,0.008443542105305823,0.49026366621255874,0.7512376888798528,elmo_lstm_attn,True,True,400,0.1,2,1,-1,False,elmo
270,0.0083574881147797,0.4907645985484123,0.7538968641059478,elmo_lstm_attn,True,True,400,0.1,2,1,-1,False,elmo
271,0.008347511740794289,0.48784349411725997,0.7516370765346835,elmo_lstm_attn,True,True,400,0.1,2,1,-1,False,elmo
272,0.008280732946877834,0.48950220346450807,0.7529942135952226,elmo_lstm_attn,True,True,400,0.1,2,1,-1,False,elmo
273,0.008656949106807588,0.4911178946495056,0.7514802271514011,elmo_lstm_attn,True,True,400,0.1,2,1,-1,False,elmo
274,0.008510819053662999,0.4937205195426941,0.7538702652435233,elmo_lstm_attn,True,True,400,0.1,2,1,-1,False,elmo
275,0.00831616339564789,0.49904494136571886,0.7533386442198633,elmo_lstm_attn,True,True,400,0.1,2,1,-1,False,elmo
276,0.008429810501547763,0.4992098145186901,0.7524876552057982,elmo_lstm_attn,True,True,400,0.1,2,1,-1,False,elmo
277,0.008590303632081487,0.4886031270027161,0.7532461400054633,elmo_lstm_attn,True,True,400,0.1,2,1,-1,False,elmo
278,0.00854051521164365,0.4864280723035336,0.7519679478929827,elmo_lstm_attn,True,True,400,0.1,2,1,-1,False,elmo
279,0.008764932817575755,0.4882503882050514,0.7536751692364246,elmo_lstm_attn,True,True,400,0.1,2,1,-1,False,elmo
280,0.00886862637125887,0.5098326310515404,0.7517665979935026,elmo_lstm_attn,True,True,400,0.1,2,1,-1,False,elmo
281,0.008737700139681693,0.48456337079405787,0.7521254831027785,elmo_lstm_attn,True,True,400,0.1,2,1,-1,False,elmo
282,0.008459983910506707,0.4980724215507507,0.7497259618480517,elmo_lstm_attn,True,True,400,0.1,2,1,-1,False,elmo
283,0.008464571874355897,0.489174622297287,0.7525412111820862,elmo_lstm_attn,True,True,400,0.1,2,1,-1,False,elmo
284,0.008393115162107279,0.49431523084640505,0.7533826480027795,elmo_lstm_attn,True,True,400,0.1,2,1,-1,False,elmo
285,0.00833271484625584,0.48901072442531585,0.7524124563260657,elmo_lstm_attn,True,True,400,0.1,2,1,-1,False,elmo
286,0.008423096170008647,0.49370483607053756,0.753518835003819,elmo_lstm_attn,True,True,400,0.1,2,1,-1,False,elmo
287,0.008309174163878197,0.49585949033498766,0.7536578062499698,elmo_lstm_attn,True,True,400,0.1,2,1,-1,False,elmo
288,0.008195510306177312,0.4876531377434731,0.7544811095494204,elmo_lstm_attn,True,True,400,0.1,2,1,-1,False,elmo
289,0.008154411009491014,0.48497352972626684,0.753445048511136,elmo_lstm_attn,True,True,400,0.1,2,1,-1,False,elmo
290,0.008221601593322702,0.48402290642261503,0.7517825828483444,elmo_lstm_attn,True,True,400,0.1,2,1,-1,False,elmo
291,0.008208389646279101,0.49935735017061234,0.7521150079097602,elmo_lstm_attn,True,True,400,0.1,2,1,-1,False,elmo
292,0.00821377112333721,0.4874898672103882,0.7535854928884335,elmo_lstm_attn,True,True,400,0.1,2,1,-1,False,elmo
293,0.008201115027804916,0.4948491923511028,0.7525895795403642,elmo_lstm_attn,True,True,400,0.1,2,1,-1,False,elmo
294,0.008111103355440718,0.4846034735441208,0.7535269878967681,elmo_lstm_attn,True,True,400,0.1,2,1,-1,False,elmo
295,0.008170907387830084,0.49492029249668124,0.7535948495676883,elmo_lstm_attn,True,True,400,0.1,2,1,-1,False,elmo
296,0.008202055741276127,0.48418643325567245,0.7530267413336968,elmo_lstm_attn,True,True,400,0.1,2,1,-1,False,elmo
297,0.008173521594289922,0.4947402574121952,0.7534722023931605,elmo_lstm_attn,True,True,400,0.1,2,1,-1,False,elmo
298,0.008184266732678224,0.48569529354572294,0.7516634055745237,elmo_lstm_attn,True,True,400,0.1,2,1,-1,False,elmo
299,0.008111250484216726,0.48941271007061005,0.754352030299948,elmo_lstm_attn,True,True,400,0.1,2,1,-1,False,elmo
300,0.008096291903348174,0.4925228334963322,0.7528327479814096,elmo_lstm_attn,True,True,400,0.1,2,1,-1,False,elmo
301,0.008053527236188528,0.5010479368269444,0.7529313314377453,elmo_lstm_attn,True,True,400,0.1,2,1,-1,False,elmo
302,0.008140073117283464,0.48156633228063583,0.7525343617885273,elmo_lstm_attn,True,True,400,0.1,2,1,-1,False,elmo
303,0.00816722145300446,0.49054793938994407,0.7522649024273623,elmo_lstm_attn,True,True,400,0.1,2,1,-1,False,elmo
304,0.008048288736245014,0.4953209951519966,0.7513128243047559,elmo_lstm_attn,True,True,400,0.1,2,1,-1,False,elmo
305,0.008184556840205914,0.501395645737648,0.7511260608397831,elmo_lstm_attn,True,True,400,0.1,2,1,-1,False,elmo
306,0.008314713977961219,0.49621068239212035,0.7520179927976043,elmo_lstm_attn,True,True,400,0.1,2,1,-1,False,elmo
307,0.008422101676478633,0.49045161306858065,0.7527650470810399,elmo_lstm_attn,True,True,400,0.1,2,1,-1,False,elmo
308,0.008352059382377774,0.4975524261593819,0.7518186633239028,elmo_lstm_attn,True,True,400,0.1,2,1,-1,False,elmo
309,0.008281405187881319,0.48603456318378446,0.7536688544734629,elmo_lstm_attn,True,True,400,0.1,2,1,-1,False,elmo
310,0.008349595440449775,0.4888130635023117,0.7547251315580961,elmo_lstm_attn,True,True,400,0.1,2,1,-1,False,elmo
311,0.008261822835265775,0.48632132560014724,0.7511390446300116,elmo_lstm_attn,True,True,400,0.1,2,1,-1,False,elmo
312,0.00829798427566857,0.4845791906118393,0.7524761064820871,elmo_lstm_attn,True,True,400,0.1,2,1,-1,False,elmo
313,0.008211027368815849,0.491876108944416,0.7506817265749078,elmo_lstm_attn,True,True,400,0.1,2,1,-1,False,elmo
314,0.00829048093764868,0.48731346279382703,0.7509823594418098,elmo_lstm_attn,True,True,400,0.1,2,1,-1,False,elmo
315,0.008357784520012502,0.4873877868056297,0.7516434370503939,elmo_lstm_attn,True,True,400,0.1,2,1,-1,False,elmo
316,0.008398257096632732,0.48912277445197105,0.7538180661198686,elmo_lstm_attn,True,True,400,0.1,2,1,-1,False,elmo
317,0.008140053101851664,0.48375260680913923,0.7515056543222344,elmo_lstm_attn,True,True,400,0.1,2,1,-1,False,elmo
318,0.00808326076476078,0.4908496841788292,0.7517371710829274,elmo_lstm_attn,True,True,400,0.1,2,1,-1,False,elmo
319,0.00828571106903837,0.4977593719959259,0.7491430178254085,elmo_lstm_attn,True,True,400,0.1,2,1,-1,False,elmo
320,0.00837618025689153,0.49259708225727084,0.7487472259106431,elmo_lstm_attn,True,True,400,0.1,2,1,-1,False,elmo
321,0.008251155764264695,0.48325379714369776,0.7530697810651079,elmo_lstm_attn,True,True,400,0.1,2,1,-1,False,elmo
322,0.008326831729937112,0.49045208394527434,0.749029036986131,elmo_lstm_attn,True,True,400,0.1,2,1,-1,False,elmo
323,0.008223344659563736,0.4853021316230297,0.7505661116738205,elmo_lstm_attn,True,True,400,0.1,2,1,-1,False,elmo
324,0.008350160572990716,0.4942469775676727,0.751094625501621,elmo_lstm_attn,True,True,400,0.1,2,1,-1,False,elmo
325,0.008169546892168,0.4822752460837364,0.750618586594614,elmo_lstm_attn,True,True,400,0.1,2,1,-1,False,elmo
326,0.008168151619611309,0.48622130155563353,0.7506946266423968,elmo_lstm_attn,True,True,400,0.1,2,1,-1,False,elmo
327,0.008042505377852649,0.4890064336359501,0.7513050008316037,elmo_lstm_attn,True,True,400,0.1,2,1,-1,False,elmo
328,0.00810624806508713,0.48665994927287104,0.7495975371154538,elmo_lstm_attn,True,True,400,0.1,2,1,-1,False,elmo
329,0.007916309158281365,0.4871740311384201,0.751675240814514,elmo_lstm_attn,True,True,400,0.1,2,1,-1,False,elmo
330,0.007990267073364522,0.49010605067014695,0.7509919695844006,elmo_lstm_attn,True,True,400,0.1,2,1,-1,False,elmo
331,0.007964078969416732,0.4935491383075714,0.7507092609241447,elmo_lstm_attn,True,True,400,0.1,2,1,-1,False,elmo
332,0.007899402913608355,0.478926907479763,0.7504975256316604,elmo_lstm_attn,True,True,400,0.1,2,1,-1,False,elmo
333,0.008026847677137993,0.48334271758794783,0.7516981587459102,elmo_lstm_attn,True,True,400,0.1,2,1,-1,False,elmo
334,0.008140670268585382,0.4978686459362507,0.7499550114607464,elmo_lstm_attn,True,True,400,0.1,2,1,-1,False,elmo
335,0.008044039481683285,0.48047143667936326,0.7515404749045814,elmo_lstm_attn,True,True,400,0.1,2,1,-1,False,elmo
336,0.008288167982937012,0.4980891183018684,0.7486893801665107,elmo_lstm_attn,True,True,400,0.1,2,1,-1,False,elmo
337,0.009490374242159306,0.49014823958277703,0.7457906049071088,elmo_lstm_attn,True,True,400,0.1,2,1,-1,False,elmo
338,0.010859383052047634,0.48965988457202914,0.7380929132292148,elmo_lstm_attn,True,True,400,0.1,2,1,-1,False,elmo
339,0.013867575076437788,0.49639890119433405,0.7455717556210835,elmo_lstm_attn,True,True,400,0.1,2,1,-1,False,elmo
340,0.013913694519214915,0.4981172285974026,0.7388195204277798,elmo_lstm_attn,True,True,400,0.1,2,1,-1,False,elmo
341,0.011721468452742556,0.4878121569752693,0.7424486047599131,elmo_lstm_attn,True,True,400,0.1,2,1,-1,False,elmo
342,0.010286797046501307,0.4861594632267952,0.7436614967876873,elmo_lstm_attn,True,True,400,0.1,2,1,-1,False,elmo
343,0.009092864484409801,0.49070268496870995,0.7419288069969778,elmo_lstm_attn,True,True,400,0.1,2,1,-1,False,elmo
344,0.008441242457229237,0.4987396031618118,0.7437985634616247,elmo_lstm_attn,True,True,400,0.1,2,1,-1,False,elmo
345,0.00818660231270769,0.49722733199596403,0.7412614586208806,elmo_lstm_attn,True,True,400,0.1,2,1,-1,False,elmo
346,0.008185985798991168,0.48756958916783333,0.7442547985118246,elmo_lstm_attn,True,True,400,0.1,2,1,-1,False,elmo
347,0.008147857241056045,0.48504636585712435,0.743183225776719,elmo_lstm_attn,True,True,400,0.1,2,1,-1,False,elmo
348,0.00818767000673688,0.49445886015892027,0.7442805737047333,elmo_lstm_attn,True,True,400,0.1,2,1,-1,False,elmo
349,0.007919741986006557,0.4896824359893799,0.7421167850662973,elmo_lstm_attn,True,True,400,0.1,2,1,-1,False,elmo
350,0.007903300167163252,0.48903128653764727,0.7427888266663769,elmo_lstm_attn,True,True,400,0.1,2,1,-1,False,elmo
351,0.007987292557845648,0.4878417313098907,0.7429443983436583,elmo_lstm_attn,True,True,400,0.1,2,1,-1,False,elmo
352,0.007927953554644773,0.4921817719936371,0.7418046284878936,elmo_lstm_attn,True,True,400,0.1,2,1,-1,False,elmo
353,0.007851935847702407,0.4870970413088799,0.7428290204890836,elmo_lstm_attn,True,True,400,0.1,2,1,-1,False,elmo
354,0.007827992212332902,0.48293922245502474,0.7437192499897007,elmo_lstm_attn,True,True,400,0.1,2,1,-1,False,elmo
355,0.007971178525076538,0.48596694618463515,0.74299487397561,elmo_lstm_attn,True,True,400,0.1,2,1,-1,False,elmo
356,0.008159427171995049,0.49582047015428543,0.7415684172227964,elmo_lstm_attn,True,True,400,0.1,2,1,-1,False,elmo
357,0.00817004158943746,0.49021371603012087,0.7427972796146272,elmo_lstm_attn,True,True,400,0.1,2,1,-1,False,elmo
358,0.008047765581250133,0.4858148507773876,0.7451175478577536,elmo_lstm_attn,True,True,400,0.1,2,1,-1,False,elmo
359,0.00780640311222669,0.49689788967370985,0.7425873036665791,elmo_lstm_attn,True,True,400,0.1,2,1,-1,False,elmo
360,0.00800240862336068,0.4791012145578861,0.7421855986916206,elmo_lstm_attn,True,True,400,0.1,2,1,-1,False,elmo
361,0.008046340954115294,0.49510920941829684,0.7419633230152474,elmo_lstm_attn,True,True,400,0.1,2,1,-1,False,elmo
362,0.008280845532863169,0.4887689039111137,0.7398863372732327,elmo_lstm_attn,True,True,400,0.1,2,1,-1,False,elmo
363,0.008298865514007048,0.5012147098779678,0.7409127961198856,elmo_lstm_attn,True,True,400,0.1,2,1,-1,False,elmo
364,0.0084331753783772,0.488703627884388,0.7387124831937982,elmo_lstm_attn,True,True,400,0.1,2,1,-1,False,elmo
365,0.008445988262610626,0.5008130729198456,0.7411239598768681,elmo_lstm_attn,True,True,400,0.1,2,1,-1,False,elmo
366,0.008325481888459763,0.48973814621567724,0.7387665705339082,elmo_lstm_attn,True,True,400,0.1,2,1,-1,False,elmo
367,0.0115474484357037,0.4988191619515419,0.7336092866486593,elmo_lstm_attn,True,True,400,0.1,2,1,-1,False,elmo
368,0.015675707846821752,0.4876354604959488,0.7335343613026746,elmo_lstm_attn,True,True,400,0.1,2,1,-1,False,elmo
369,0.01935404471350921,0.4870630294084549,0.7376366591483173,elmo_lstm_attn,True,True,400,0.1,2,1,-1,False,elmo
370,0.01293127567460033,0.4997051149606705,0.7420292112675013,elmo_lstm_attn,True,True,400,0.1,2,1,-1,False,elmo
371,0.0094976048281751,0.4844424664974213,0.7445820289055185,elmo_lstm_attn,True,True,400,0.1,2,1,-1,False,elmo
372,0.008568080248005571,0.48904332220554353,0.7411864773610013,elmo_lstm_attn,True,True,400,0.1,2,1,-1,False,elmo
373,0.008250936670083319,0.4872936673462391,0.7424905379603042,elmo_lstm_attn,True,True,400,0.1,2,1,-1,False,elmo
374,0.008231098143551208,0.49102588966488836,0.7416374973975118,elmo_lstm_attn,True,True,400,0.1,2,1,-1,False,elmo
375,0.007936141561913246,0.486028191447258,0.741311560021089,elmo_lstm_attn,True,True,400,0.1,2,1,-1,False,elmo
376,0.007903081125914469,0.5003424100577831,0.7426006050515819,elmo_lstm_attn,True,True,400,0.1,2,1,-1,False,elmo
377,0.007937079513794743,0.4849910825490952,0.7429698148409506,elmo_lstm_attn,True,True,400,0.1,2,1,-1,False,elmo
378,0.008070398920608568,0.49617387875914576,0.741202966627203,elmo_lstm_attn,True,True,400,0.1,2,1,-1,False,elmo
379,0.007957116678153398,0.4917330101132393,0.7422018407115463,elmo_lstm_attn,True,True,400,0.1,2,1,-1,False,elmo
380,0.00803686652398028,0.48401285856962206,0.7416921383630352,elmo_lstm_attn,True,True,400,0.1,2,1,-1,False,elmo
381,0.00810363771233824,0.4840735077857971,0.7418216000650322,elmo_lstm_attn,True,True,400,0.1,2,1,-1,False,elmo
382,0.007912183193911914,0.49555575251579287,0.7438125490689073,elmo_lstm_attn,True,True,400,0.1,2,1,-1,False,elmo
383,0.007869389628558566,0.4870980098843575,0.7419586256004828,elmo_lstm_attn,True,True,400,0.1,2,1,-1,False,elmo
384,0.00785922487048083,0.4892879270017147,0.7416198592028675,elmo_lstm_attn,True,True,400,0.1,2,1,-1,False,elmo
385,0.007729764297801011,0.48929755166172983,0.7423769587330675,elmo_lstm_attn,True,True,400,0.1,2,1,-1,False,elmo
386,0.007883022375244764,0.48915585950016977,0.7426875240466446,elmo_lstm_attn,True,True,400,0.1,2,1,-1,False,elmo
387,0.007840861914883136,0.49273496493697166,0.7431005200304268,elmo_lstm_attn,True,True,400,0.1,2,1,-1,False,elmo
388,0.007773366222954792,0.4918260619044304,0.7442244640501611,elmo_lstm_attn,True,True,400,0.1,2,1,-1,False,elmo
389,0.007964855375394108,0.4925431743264198,0.7408693439701144,elmo_lstm_attn,True,True,400,0.1,2,1,-1,False,elmo
390,0.007926345155283343,0.48345759361982343,0.7432045753754516,elmo_lstm_attn,True,True,400,0.1,2,1,-1,False,elmo
391,0.00795615154584084,0.49445262253284455,0.7413994106279691,elmo_lstm_attn,True,True,400,0.1,2,1,-1,False,elmo
392,0.007887533431130578,0.49328291565179827,0.7415923668423007,elmo_lstm_attn,True,True,400,0.1,2,1,-1,False,elmo
393,0.007735540697831311,0.4991879999637604,0.7404667323389861,elmo_lstm_attn,True,True,400,0.1,2,1,-1,False,elmo
394,0.007845802932752121,0.4899057947099209,0.7416445117883409,elmo_lstm_attn,True,True,400,0.1,2,1,-1,False,elmo
395,0.007872851225874911,0.4948778137564659,0.7420441786940074,elmo_lstm_attn,True,True,400,0.1,2,1,-1,False,elmo
396,0.007868878659610345,0.49289562553167343,0.7409599017372419,elmo_lstm_attn,True,True,400,0.1,2,1,-1,False,elmo
397,0.007855876846770115,0.48281623125076295,0.7413258060305269,elmo_lstm_attn,True,True,400,0.1,2,1,-1,False,elmo
398,0.007954015442919626,0.49953718557953836,0.7408765268531573,elmo_lstm_attn,True,True,400,0.1,2,1,-1,False,elmo
399,0.008050137879581597,0.5045961603522301,0.7407537971389129,elmo_lstm_attn,True,True,400,0.1,2,1,-1,False,elmo
400,0.007943748569232412,0.4967388391494751,0.7392551909468266,elmo_lstm_attn,True,True,400,0.1,2,1,-1,False,elmo
401,0.00796416513294389,0.49365387484431267,0.7424335946564582,elmo_lstm_attn,True,True,400,0.1,2,1,-1,False,elmo
402,0.00791223463766073,0.4839935928583145,0.7405000852320593,elmo_lstm_attn,True,True,400,0.1,2,1,-1,False,elmo
403,0.008088291744388697,0.49336380511522293,0.7414070295656539,elmo_lstm_attn,True,True,400,0.1,2,1,-1,False,elmo
404,0.00782599363810732,0.4995540909469128,0.74147554783196,elmo_lstm_attn,True,True,400,0.1,2,1,-1,False,elmo
405,0.00786013371689478,0.4891648516058922,0.7428859765262238,elmo_lstm_attn,True,True,400,0.1,2,1,-1,False,elmo
406,0.007823457989798045,0.49322470724582673,0.7421917267192855,elmo_lstm_attn,True,True,400,0.1,2,1,-1,False,elmo
407,0.007771092629081977,0.49710311368107796,0.7407283443354343,elmo_lstm_attn,True,True,400,0.1,2,1,-1,False,elmo
408,0.007798726048349636,0.4880109429359436,0.7409984539579055,elmo_lstm_attn,True,True,400,0.1,2,1,-1,False,elmo
409,0.007781614456689567,0.4962020546197891,0.7406418401374317,elmo_lstm_attn,True,True,400,0.1,2,1,-1,False,elmo
410,0.007738244360552926,0.4875201001763344,0.7435567700796428,elmo_lstm_attn,True,True,400,0.1,2,1,-1,False,elmo
411,0.00787753193599201,0.4929087609052658,0.7397696157161315,elmo_lstm_attn,True,True,400,0.1,2,1,-1,False,elmo
412,0.007944612447317922,0.49885398596525193,0.7420232238424879,elmo_lstm_attn,True,True,400,0.1,2,1,-1,False,elmo
413,0.007849599770997884,0.4904234744608402,0.7413498774322107,elmo_lstm_attn,True,True,400,0.1,2,1,-1,False,elmo
414,0.0078043040974080215,0.4944874465465546,0.7404258158717253,elmo_lstm_attn,True,True,400,0.1,2,1,-1,False,elmo
415,0.00780344091108418,0.4913709484040737,0.7428623423020922,elmo_lstm_attn,True,True,400,0.1,2,1,-1,False,elmo
416,0.007752104524479364,0.4881973385810852,0.7416166464012175,elmo_lstm_attn,True,True,400,0.1,2,1,-1,False,elmo
417,0.0077719167743453,0.4971576973795891,0.7411070164690472,elmo_lstm_attn,True,True,400,0.1,2,1,-1,False,elmo
418,0.00785814181454043,0.49255391508340834,0.7395900723613913,elmo_lstm_attn,True,True,400,0.1,2,1,-1,False,elmo
419,0.007904318061264348,0.49158641397953035,0.7409256959177262,elmo_lstm_attn,True,True,400,0.1,2,1,-1,False,elmo
420,0.007736067538007774,0.49780622124671936,0.7393560985038281,elmo_lstm_attn,True,True,400,0.1,2,1,-1,False,elmo
421,0.007829470244178082,0.49171602725982666,0.7398303273307537,elmo_lstm_attn,True,True,400,0.1,2,1,-1,False,elmo
422,0.008002817537817463,0.4882774993777275,0.7391706382825552,elmo_lstm_attn,True,True,400,0.1,2,1,-1,False,elmo
423,0.007982490222457273,0.4900232069194317,0.7392230048297181,elmo_lstm_attn,True,True,400,0.1,2,1,-1,False,elmo
424,0.007971746981274919,0.4920271024107933,0.7378562073065486,elmo_lstm_attn,True,True,400,0.1,2,1,-1,False,elmo
425,0.007868240232710377,0.49123557209968566,0.7401211045346188,elmo_lstm_attn,True,True,400,0.1,2,1,-1,False,elmo
426,0.007988397473309306,0.48577393144369124,0.7392207740488745,elmo_lstm_attn,True,True,400,0.1,2,1,-1,False,elmo
427,0.007812882023972633,0.48577280193567274,0.7401471900040891,elmo_lstm_attn,True,True,400,0.1,2,1,-1,False,elmo
428,0.007966649676200177,0.49002309888601303,0.7396329294311224,elmo_lstm_attn,True,True,400,0.1,2,1,-1,False,elmo
429,0.007800875945213193,0.49531494602561,0.7398618738814805,elmo_lstm_attn,True,True,400,0.1,2,1,-1,False,elmo
430,0.00787028566810477,0.48855144828557967,0.7407660981327243,elmo_lstm_attn,True,True,400,0.1,2,1,-1,False,elmo
431,0.00773412292383,0.48575260043144225,0.7404647289138457,elmo_lstm_attn,True,True,400,0.1,2,1,-1,False,elmo
432,0.007811890440461866,0.4935666523873806,0.7384222887456955,elmo_lstm_attn,True,True,400,0.1,2,1,-1,False,elmo
433,0.007816110970452428,0.4938889257609844,0.7386733616119641,elmo_lstm_attn,True,True,400,0.1,2,1,-1,False,elmo
434,0.007720082112609816,0.5015552476048469,0.741599539498347,elmo_lstm_attn,True,True,400,0.1,2,1,-1,False,elmo
435,0.0077033656105413685,0.4950773544609547,0.7411218417572119,elmo_lstm_attn,True,True,400,0.1,2,1,-1,False,elmo
436,0.007752942926708783,0.4857617229223251,0.7402821655910528,elmo_lstm_attn,True,True,400,0.1,2,1,-1,False,elmo
437,0.0077208216501276185,0.48385895118117334,0.7410288019353837,elmo_lstm_attn,True,True,400,0.1,2,1,-1,False,elmo
438,0.007887972432581592,0.5053686186671257,0.740497286659088,elmo_lstm_attn,True,True,400,0.1,2,1,-1,False,elmo
439,0.007843952897565032,0.48976110517978666,0.7407420233059552,elmo_lstm_attn,True,True,400,0.1,2,1,-1,False,elmo
440,0.007792014960432425,0.5007636018097401,0.7403054866762304,elmo_lstm_attn,True,True,400,0.1,2,1,-1,False,elmo
441,0.00792330504709753,0.48794203251600266,0.7416684267862556,elmo_lstm_attn,True,True,400,0.1,2,1,-1,False,elmo
442,0.007755395022286393,0.49119875505566596,0.7394527848694536,elmo_lstm_attn,True,True,400,0.1,2,1,-1,False,elmo
443,0.007687023052858422,0.48967413157224654,0.7406177463388444,elmo_lstm_attn,True,True,400,0.1,2,1,-1,False,elmo
444,0.007906351256133348,0.4893475152552128,0.7373539904512834,elmo_lstm_attn,True,True,400,0.1,2,1,-1,False,elmo
445,0.008172846754678175,0.49413653612136843,0.7423633395620752,elmo_lstm_attn,True,True,400,0.1,2,1,-1,False,elmo
446,0.011683638887552661,0.4940429165959358,0.7348111354815774,elmo_lstm_attn,True,True,400,0.1,2,1,-1,False,elmo
447,0.012601649769749201,0.4858110547065735,0.7341104587389141,elmo_lstm_attn,True,True,400,0.1,2,1,-1,False,elmo
448,0.010276112575593289,0.4974050596356392,0.7388803047032733,elmo_lstm_attn,True,True,400,0.1,2,1,-1,False,elmo
449,0.009629432061956322,0.48679032027721403,0.7361518889675309,elmo_lstm_attn,True,True,400,0.1,2,1,-1,False,elmo
450,0.010312740439258051,0.49249679073691366,0.7297271169396061,elmo_lstm_attn,True,True,400,0.1,2,1,-1,False,elmo
451,0.00864948864436883,0.4921205475926399,0.7389969595041294,elmo_lstm_attn,True,True,400,0.1,2,1,-1,False,elmo
452,0.008107500021287706,0.49015530571341515,0.7386012310102679,elmo_lstm_attn,True,True,400,0.1,2,1,-1,False,elmo
453,0.007970204626144551,0.4924137808382511,0.740350856916993,elmo_lstm_attn,True,True,400,0.1,2,1,-1,False,elmo
454,0.007798584884039883,0.49752542823553086,0.738543786269092,elmo_lstm_attn,True,True,400,0.1,2,1,-1,False,elmo
455,0.007841180975810857,0.48836601078510283,0.7397049546662002,elmo_lstm_attn,True,True,400,0.1,2,1,-1,False,elmo
456,0.007775794671397307,0.48674596548080445,0.7408800751848945,elmo_lstm_attn,True,True,400,0.1,2,1,-1,False,elmo
457,0.007670136392698623,0.48860895037651064,0.7392021928577356,elmo_lstm_attn,True,True,400,0.1,2,1,-1,False,elmo
458,0.007807213188061724,0.4961825400590897,0.7410818598520449,elmo_lstm_attn,True,True,400,0.1,2,1,-1,False,elmo
459,0.007707437531098549,0.4983019307255745,0.7396803384075468,elmo_lstm_attn,True,True,400,0.1,2,1,-1,False,elmo
460,0.007687812555650453,0.4970084369182587,0.7420168225311594,elmo_lstm_attn,True,True,400,0.1,2,1,-1,False,elmo
461,0.007650129662943072,0.49329060316085815,0.7406212228463235,elmo_lstm_attn,True,True,400,0.1,2,1,-1,False,elmo
462,0.007633434313447651,0.4969798713922501,0.7409058037253486,elmo_lstm_attn,True,True,400,0.1,2,1,-1,False,elmo
463,0.00774719136479689,0.492758409678936,0.7409943591265928,elmo_lstm_attn,True,True,400,0.1,2,1,-1,False,elmo
464,0.007853357843669074,0.4943892896175385,0.7395684213729128,elmo_lstm_attn,True,True,400,0.1,2,1,-1,False,elmo
465,0.007781659611009672,0.48941837772727015,0.7414288520796795,elmo_lstm_attn,True,True,400,0.1,2,1,-1,False,elmo
466,0.007776371383079095,0.4969478249549866,0.7420980534763443,elmo_lstm_attn,True,True,400,0.1,2,1,-1,False,elmo
467,0.007696358914472512,0.49829149171710013,0.741169415891744,elmo_lstm_attn,True,True,400,0.1,2,1,-1,False,elmo
468,0.0076522791738170785,0.4915755107998848,0.7377754429993426,elmo_lstm_attn,True,True,400,0.1,2,1,-1,False,elmo
469,0.007696772302006138,0.4957683697342873,0.744009105909702,elmo_lstm_attn,True,True,400,0.1,2,1,-1,False,elmo
470,0.007615896437346237,0.48769319131970407,0.7405094574961323,elmo_lstm_attn,True,True,400,0.1,2,1,-1,False,elmo
471,0.007735468492501241,0.49944818913936617,0.7435312566425726,elmo_lstm_attn,True,True,400,0.1,2,1,-1,False,elmo
472,0.007634869422327028,0.5022963151335716,0.7409141445103268,elmo_lstm_attn,True,True,400,0.1,2,1,-1,False,elmo
473,0.0077026425396070405,0.4877649858593941,0.7407463977322208,elmo_lstm_attn,True,True,400,0.1,2,1,-1,False,elmo
474,0.007813202301622368,0.4921948239207268,0.7416253048025305,elmo_lstm_attn,True,True,400,0.1,2,1,-1,False,elmo
475,0.007610606081107108,0.4875872403383255,0.7409038728891746,elmo_lstm_attn,True,True,400,0.1,2,1,-1,False,elmo
476,0.007671060127086094,0.4892993152141571,0.7408842160918487,elmo_lstm_attn,True,True,400,0.1,2,1,-1,False,elmo
477,0.00768665728473934,0.4863674372434616,0.7410356081973414,elmo_lstm_attn,True,True,400,0.1,2,1,-1,False,elmo
478,0.007750574253714148,0.4933520808815956,0.7405755248271778,elmo_lstm_attn,True,True,400,0.1,2,1,-1,False,elmo
479,0.007636135984830617,0.4990543439984322,0.7402354117442586,elmo_lstm_attn,True,True,400,0.1,2,1,-1,False,elmo
480,0.007677464034532022,0.4949138782918453,0.740036117350125,elmo_lstm_attn,True,True,400,0.1,2,1,-1,False,elmo
481,0.007749536687333603,0.49041261374950407,0.7418232525228436,elmo_lstm_attn,True,True,400,0.1,2,1,-1,False,elmo
482,0.007701821649425256,0.48692362308502196,0.7415987700800023,elmo_lstm_attn,True,True,400,0.1,2,1,-1,False,elmo
483,0.007758645226385852,0.4889525882899761,0.7416083765663359,elmo_lstm_attn,True,True,400,0.1,2,1,-1,False,elmo
484,0.007882996045918845,0.4961303353309631,0.74012856078319,elmo_lstm_attn,True,True,400,0.1,2,1,-1,False,elmo
485,0.00774777802398603,0.48980626463890076,0.7401999785041404,elmo_lstm_attn,True,True,400,0.1,2,1,-1,False,elmo
486,0.007783072270831326,0.49235943108797076,0.7405480237224056,elmo_lstm_attn,True,True,400,0.1,2,1,-1,False,elmo
487,0.007883463044527162,0.4861444056034088,0.7404568594813162,elmo_lstm_attn,True,True,400,0.1,2,1,-1,False,elmo
488,0.007776595422910759,0.4862885631620884,0.7373532097259489,elmo_lstm_attn,True,True,400,0.1,2,1,-1,False,elmo
489,0.007722742632722657,0.4978989720344543,0.741874673344674,elmo_lstm_attn,True,True,400,0.1,2,1,-1,False,elmo
490,0.007703531445622502,0.4920112416148186,0.7397914685105376,elmo_lstm_attn,True,True,400,0.1,2,1,-1,False,elmo
491,0.007670397932270134,0.49309715405106547,0.7395179516836873,elmo_lstm_attn,True,True,400,0.1,2,1,-1,False,elmo
492,0.007642811580626585,0.49924660176038743,0.7415198734550238,elmo_lstm_attn,True,True,400,0.1,2,1,-1,False,elmo
493,0.007569426168629434,0.4940384663641453,0.740665356976198,elmo_lstm_attn,True,True,400,0.1,2,1,-1,False,elmo
494,0.0076577377320063535,0.4934478625655174,0.7395536051660605,elmo_lstm_attn,True,True,400,0.1,2,1,-1,False,elmo
495,0.007648753750709147,0.49382898658514024,0.7432749798108509,elmo_lstm_attn,True,True,400,0.1,2,1,-1,False,elmo
496,0.007789535796473501,0.4897072896361351,0.7419031915800585,elmo_lstm_attn,True,True,400,0.1,2,1,-1,False,elmo
497,0.0076969399739027725,0.4913687020540237,0.7398669909468086,elmo_lstm_attn,True,True,400,0.1,2,1,-1,False,elmo
498,0.007728362918078347,0.48618737012147906,0.7400922299315049,elmo_lstm_attn,True,True,400,0.1,2,1,-1,False,elmo
499,0.007761844619744806,0.4960423395037651,0.7415850639423155,elmo_lstm_attn,True,True,400,0.1,2,1,-1,False,elmo
500,0.007836520880118769,0.48609324991703035,0.7410358895551685,elmo_lstm_attn,True,True,400,0.1,2,1,-1,False,elmo
501,0.007745638382766628,0.49385382458567617,0.7404662423365428,elmo_lstm_attn,True,True,400,0.1,2,1,-1,False,elmo
502,0.007713091224832169,0.5007280848920346,0.7429931878927991,elmo_lstm_attn,True,True,400,0.1,2,1,-1,False,elmo
503,0.007558696980777313,0.4940378598868847,0.7428927819540311,elmo_lstm_attn,True,True,400,0.1,2,1,-1,False,elmo
504,0.007565992971831292,0.4958619959652424,0.7426907370208866,elmo_lstm_attn,True,True,400,0.1,2,1,-1,False,elmo
505,0.0077939099639479535,0.49330495670437813,0.7426158075590316,elmo_lstm_attn,True,True,400,0.1,2,1,-1,False,elmo
506,0.0077272075695873355,0.4935872308909893,0.7422195567063705,elmo_lstm_attn,True,True,400,0.1,2,1,-1,False,elmo
507,0.007744090202777443,0.48884383738040926,0.7400854373864727,elmo_lstm_attn,True,True,400,0.1,2,1,-1,False,elmo
508,0.007812572206694313,0.488164159655571,0.7417150465745489,elmo_lstm_attn,True,True,400,0.1,2,1,-1,False,elmo
509,0.007747393177669437,0.48626972660422324,0.7422116992595452,elmo_lstm_attn,True,True,400,0.1,2,1,-1,False,elmo
510,0.007644155924117513,0.49223499149084093,0.7425470147666541,elmo_lstm_attn,True,True,400,0.1,2,1,-1,False,elmo
511,0.007591339956161391,0.4965180642902851,0.7427676566937381,elmo_lstm_attn,True,True,400,0.1,2,1,-1,False,elmo
512,0.007742941670403525,0.49451951682567596,0.7436016712299518,elmo_lstm_attn,True,True,400,0.1,2,1,-1,False,elmo
513,0.00761205899871129,0.49780702888965606,0.7414743756019496,elmo_lstm_attn,True,True,400,0.1,2,1,-1,False,elmo
514,0.007710473150291363,0.49164585769176483,0.7427739423899979,elmo_lstm_attn,True,True,400,0.1,2,1,-1,False,elmo
515,0.0077110726320825055,0.4988829165697098,0.7430995298841542,elmo_lstm_attn,True,True,400,0.1,2,1,-1,False,elmo
516,0.007646542467227846,0.49825573340058327,0.7421040931069038,elmo_lstm_attn,True,True,400,0.1,2,1,-1,False,elmo
517,0.007681317249353015,0.5003861635923386,0.7422443925284749,elmo_lstm_attn,True,True,400,0.1,2,1,-1,False,elmo
518,0.00761380082458345,0.49352369010448455,0.742564295939696,elmo_lstm_attn,True,True,400,0.1,2,1,-1,False,elmo
519,0.007616448734097503,0.48837136626243594,0.7412612088055758,elmo_lstm_attn,True,True,400,0.1,2,1,-1,False,elmo
520,0.007646032217326138,0.4922922670841217,0.7412455892616345,elmo_lstm_attn,True,True,400,0.1,2,1,-1,False,elmo
521,0.007548977592068695,0.505845445394516,0.742668808966144,elmo_lstm_attn,True,True,400,0.1,2,1,-1,False,elmo
522,0.007527701997059921,0.4964094065129757,0.743907155577189,elmo_lstm_attn,True,True,400,0.1,2,1,-1,False,elmo
523,0.00777226104055444,0.4939884372055531,0.7432052732904337,elmo_lstm_attn,True,True,400,0.1,2,1,-1,False,elmo
524,0.007713343365139735,0.4943216875195503,0.7420572886208022,elmo_lstm_attn,True,True,400,0.1,2,1,-1,False,elmo
525,0.00774614666497655,0.4977784976363182,0.7430446919045673,elmo_lstm_attn,True,True,400,0.1,2,1,-1,False,elmo
526,0.007730570108105894,0.49547962173819543,0.7432023240557537,elmo_lstm_attn,True,True,400,0.1,2,1,-1,False,elmo
527,0.007628375834246981,0.49565602242946627,0.7418194397488238,elmo_lstm_attn,True,True,400,0.1,2,1,-1,False,elmo
528,0.00763582703875727,0.495172081887722,0.744943072487602,elmo_lstm_attn,True,True,400,0.1,2,1,-1,False,elmo
529,0.0076245635649684115,0.49460424706339834,0.7425650779500221,elmo_lstm_attn,True,True,400,0.1,2,1,-1,False,elmo
530,0.007669683646599879,0.4895186617970467,0.743114356411056,elmo_lstm_attn,True,True,400,0.1,2,1,-1,False,elmo
531,0.007646640172606567,0.5020264483988285,0.7417378209811482,elmo_lstm_attn,True,True,400,0.1,2,1,-1,False,elmo
532,0.0076801848079412595,0.49386245906353,0.7428548092492477,elmo_lstm_attn,True,True,400,0.1,2,1,-1,False,elmo
533,0.007607991951954318,0.4818808287382126,0.7423262873504617,elmo_lstm_attn,True,True,400,0.1,2,1,-1,False,elmo
534,0.007581733903134591,0.48953462913632395,0.7432931818442932,elmo_lstm_attn,True,True,400,0.1,2,1,-1,False,elmo
535,0.007643188127804024,0.5010161966085434,0.7411061717219789,elmo_lstm_attn,True,True,400,0.1,2,1,-1,False,elmo
536,0.007666488544600725,0.4964559733867645,0.7401898890130487,elmo_lstm_attn,True,True,400,0.1,2,1,-1,False,elmo
537,0.007745568136942893,0.49250641614198687,0.7435353257734096,elmo_lstm_attn,True,True,400,0.1,2,1,-1,False,elmo
538,0.007624257898442011,0.4969002723693848,0.7422127620119985,elmo_lstm_attn,True,True,400,0.1,2,1,-1,False,elmo
539,0.00775640463889431,0.48755254596471786,0.7412229717335523,elmo_lstm_attn,True,True,400,0.1,2,1,-1,False,elmo
540,0.007690543250282645,0.4962506599724293,0.7416230680670658,elmo_lstm_attn,True,True,400,0.1,2,1,-1,False,elmo
541,0.007650367474707309,0.4906298503279686,0.7405231558266874,elmo_lstm_attn,True,True,400,0.1,2,1,-1,False,elmo
542,0.007581897188538278,0.49202015101909635,0.7438259455910959,elmo_lstm_attn,True,True,400,0.1,2,1,-1,False,elmo
543,0.0076190980767023575,0.4947264552116394,0.7427460344731005,elmo_lstm_attn,True,True,400,0.1,2,1,-1,False,elmo
544,0.0077381662449624855,0.48684658110141754,0.7429816778786612,elmo_lstm_attn,True,True,400,0.1,2,1,-1,False,elmo
545,0.007722209594976448,0.4963756948709488,0.7434784732954451,elmo_lstm_attn,True,True,400,0.1,2,1,-1,False,elmo
546,0.007707282340743404,0.4809557095170021,0.7436130465465665,elmo_lstm_attn,True,True,400,0.1,2,1,-1,False,elmo
547,0.007628574124782972,0.489257401227951,0.7414898727096301,elmo_lstm_attn,True,True,400,0.1,2,1,-1,False,elmo
548,0.007585087141251279,0.5036618322134018,0.7416387794068299,elmo_lstm_attn,True,True,400,0.1,2,1,-1,False,elmo
549,0.007629772943619173,0.498753248155117,0.7412121382618881,elmo_lstm_attn,True,True,400,0.1,2,1,-1,False,elmo
550,0.007670226896425447,0.4939483478665352,0.7407190361780349,elmo_lstm_attn,True,True,400,0.1,2,1,-1,False,elmo
551,0.007681102511742211,0.4924197278916836,0.740546270875066,elmo_lstm_attn,True,True,400,0.1,2,1,-1,False,elmo
552,0.007765738053331006,0.4991355024278164,0.7442676966755355,elmo_lstm_attn,True,True,400,0.1,2,1,-1,False,elmo
553,0.007618895955420158,0.4979094691574574,0.7420991000589077,elmo_lstm_attn,True,True,400,0.1,2,1,-1,False,elmo
554,0.007571661471502011,0.49936149418354037,0.739611638279041,elmo_lstm_attn,True,True,400,0.1,2,1,-1,False,elmo
555,0.007708092107804987,0.48842859715223313,0.7414234743925737,elmo_lstm_attn,True,True,400,0.1,2,1,-1,False,elmo
556,0.0075975235376972705,0.49689033776521685,0.7406558086486967,elmo_lstm_attn,True,True,400,0.1,2,1,-1,False,elmo
557,0.007736033308719925,0.4925391681492329,0.7416018260386131,elmo_lstm_attn,True,True,400,0.1,2,1,-1,False,elmo
558,0.0076914015159673,0.49983106553554535,0.7420387581801899,elmo_lstm_attn,True,True,400,0.1,2,1,-1,False,elmo
559,0.00772696015828842,0.49591337889432907,0.7418344356766913,elmo_lstm_attn,True,True,400,0.1,2,1,-1,False,elmo
560,0.007599120226404921,0.49004870727658273,0.7430562371901042,elmo_lstm_attn,True,True,400,0.1,2,1,-1,False,elmo
561,0.007568309186535771,0.49812174364924433,0.7416919589499839,elmo_lstm_attn,True,True,400,0.1,2,1,-1,False,elmo
562,0.0075926530233118685,0.506062462925911,0.74334379731296,elmo_lstm_attn,True,True,400,0.1,2,1,-1,False,elmo
563,0.00776011106572696,0.494664067029953,0.742369369966129,elmo_lstm_attn,True,True,400,0.1,2,1,-1,False,elmo
564,0.007746824026435206,0.4986286610364914,0.7430815276161292,elmo_lstm_attn,True,True,400,0.1,2,1,-1,False,elmo
565,0.007612987375159719,0.49012271761894227,0.7441977288750852,elmo_lstm_attn,True,True,400,0.1,2,1,-1,False,elmo
566,0.007671015402047487,0.4911506146192551,0.7434530526178618,elmo_lstm_attn,True,True,400,0.1,2,1,-1,False,elmo
567,0.00776173538306466,0.5037845224142075,0.7411038654808747,elmo_lstm_attn,True,True,400,0.1,2,1,-1,False,elmo
568,0.007692566528930911,0.4985622450709343,0.7440295681515253,elmo_lstm_attn,True,True,400,0.1,2,1,-1,False,elmo
569,0.007668266357450193,0.48819665163755416,0.7421470294552809,elmo_lstm_attn,True,True,400,0.1,2,1,-1,False,elmo
570,0.00765865642188146,0.5032265171408653,0.7438643430873608,elmo_lstm_attn,True,True,400,0.1,2,1,-1,False,elmo
571,0.0076707682349479,0.4919464737176895,0.7415032526670199,elmo_lstm_attn,True,True,400,0.1,2,1,-1,False,elmo
572,0.007570637816843373,0.4911228448152542,0.7434544155528913,elmo_lstm_attn,True,True,400,0.1,2,1,-1,False,elmo
573,0.007598068364768551,0.4910395711660385,0.7407052210683078,elmo_lstm_attn,True,True,400,0.1,2,1,-1,False,elmo
574,0.007639805902999797,0.48919498845934867,0.7414903894467558,elmo_lstm_attn,True,True,400,0.1,2,1,-1,False,elmo
575,0.007763644163605932,0.49006166458129885,0.7417387801376866,elmo_lstm_attn,True,True,400,0.1,2,1,-1,False,elmo
576,0.007737406994328922,0.4921602629125118,0.7401481032970668,elmo_lstm_attn,True,True,400,0.1,2,1,-1,False,elmo
577,0.007675854255739978,0.501227143406868,0.7416385415349808,elmo_lstm_attn,True,True,400,0.1,2,1,-1,False,elmo
578,0.007602357210180344,0.5034281894564628,0.7395949103621066,elmo_lstm_attn,True,True,400,0.1,2,1,-1,False,elmo
579,0.007565362684908905,0.48922743648290634,0.7408300439029178,elmo_lstm_attn,True,True,400,0.1,2,1,-1,False,elmo
580,0.007722108304096764,0.49109423607587815,0.7416295315425019,elmo_lstm_attn,True,True,400,0.1,2,1,-1,False,elmo
581,0.007651906495175354,0.4983868636190891,0.7411097042906805,elmo_lstm_attn,True,True,400,0.1,2,1,-1,False,elmo
582,0.007624052248138469,0.5016415044665337,0.7416347840385014,elmo_lstm_attn,True,True,400,0.1,2,1,-1,False,elmo
583,0.007670584963307192,0.4912326388061047,0.7422305690758771,elmo_lstm_attn,True,True,400,0.1,2,1,-1,False,elmo
584,0.007670185068127467,0.49410841092467306,0.740475907813438,elmo_lstm_attn,True,True,400,0.1,2,1,-1,False,elmo
585,0.0077453144958781195,0.4950924128293991,0.7412260341629094,elmo_lstm_attn,True,True,400,0.1,2,1,-1,False,elmo
586,0.007717674338528014,0.49190325736999513,0.7427759022383188,elmo_lstm_attn,True,True,400,0.1,2,1,-1,False,elmo
587,0.0078511390967833,0.5001342013478279,0.7406250896042705,elmo_lstm_attn,True,True,400,0.1,2,1,-1,False,elmo
588,0.00762886983457065,0.49531897231936456,0.739704942471515,elmo_lstm_attn,True,True,400,0.1,2,1,-1,False,elmo
589,0.007560197417387826,0.4974741518497467,0.7427250555698727,elmo_lstm_attn,True,True,400,0.1,2,1,-1,False,elmo
590,0.0075692937435633215,0.4925728991627693,0.7400862669077835,elmo_lstm_attn,True,True,400,0.1,2,1,-1,False,elmo
591,0.0075356946372266975,0.49800442159175873,0.7421223966375468,elmo_lstm_attn,True,True,400,0.1,2,1,-1,False,elmo
592,0.007517063612613129,0.49035491794347763,0.7402831587943165,elmo_lstm_attn,True,True,400,0.1,2,1,-1,False,elmo
593,0.0076203360096769755,0.49605794847011564,0.7410269030771799,elmo_lstm_attn,True,True,400,0.1,2,1,-1,False,elmo
594,0.007693107375234831,0.5002841040492058,0.7427269731967504,elmo_lstm_attn,True,True,400,0.1,2,1,-1,False,elmo
595,0.007637303559931752,0.4945849537849426,0.7417940223431487,elmo_lstm_attn,True,True,400,0.1,2,1,-1,False,elmo
596,0.0075159855687161325,0.4948966473340988,0.7398590729865658,elmo_lstm_attn,True,True,400,0.1,2,1,-1,False,elmo
597,0.007544615420829359,0.4927359990775585,0.7417833089392506,elmo_lstm_attn,True,True,400,0.1,2,1,-1,False,elmo
598,0.007546335569077201,0.4995098114013672,0.7402213845690776,elmo_lstm_attn,True,True,400,0.1,2,1,-1,False,elmo
599,0.007653180388206238,0.5023267865180969,0.7400619668417272,elmo_lstm_attn,True,True,400,0.1,2,1,-1,False,elmo
600,0.007605663749563974,0.5047415211796761,0.7408117649449563,elmo_lstm_attn,True,True,400,0.1,2,1,-1,False,elmo
601,0.007561722665832349,0.48404370844364164,0.7418561777582038,elmo_lstm_attn,True,True,400,0.1,2,1,-1,False,elmo
602,0.007557940223523474,0.4968841761350632,0.7404184930711202,elmo_lstm_attn,True,True,400,0.1,2,1,-1,False,elmo
603,0.007531813651257835,0.4889828972518444,0.7403873947500463,elmo_lstm_attn,True,True,400,0.1,2,1,-1,False,elmo
604,0.007518263465044583,0.49250872135162355,0.7399657868083438,elmo_lstm_attn,True,True,400,0.1,2,1,-1,False,elmo
605,0.007574597254642867,0.49836454540491104,0.7403164873740701,elmo_lstm_attn,True,True,400,0.1,2,1,-1,False,elmo
606,0.007671701024901267,0.49477779269218447,0.7417045833813105,elmo_lstm_attn,True,True,400,0.1,2,1,-1,False,elmo
607,0.007571952066064114,0.5012048982083798,0.7415701492596379,elmo_lstm_attn,True,True,400,0.1,2,1,-1,False,elmo
608,0.007601515585429297,0.5022738888859749,0.7397661842531804,elmo_lstm_attn,True,True,400,0.1,2,1,-1,False,elmo
609,0.007556756275516818,0.493373928964138,0.7409777103971942,elmo_lstm_attn,True,True,400,0.1,2,1,-1,False,elmo
610,0.00763751053273154,0.49592427015304563,0.7415484499172211,elmo_lstm_attn,True,True,400,0.1,2,1,-1,False,elmo
611,0.00768100316345226,0.49490038603544234,0.7433659689845598,elmo_lstm_attn,True,True,400,0.1,2,1,-1,False,elmo
612,0.007632776550690323,0.4989718794822693,0.7396681429191396,elmo_lstm_attn,True,True,400,0.1,2,1,-1,False,elmo
613,0.007622987574450235,0.48722649812698365,0.7417208649898313,elmo_lstm_attn,True,True,400,0.1,2,1,-1,False,elmo
614,0.0075949373997900695,0.5009053111076355,0.738119919430298,elmo_lstm_attn,True,True,400,0.1,2,1,-1,False,elmo
615,0.007686915003159811,0.5047890454530716,0.7386582469929162,elmo_lstm_attn,True,True,400,0.1,2,1,-1,False,elmo
616,0.00754356053439551,0.4872758150100708,0.7399387993930155,elmo_lstm_attn,True,True,400,0.1,2,1,-1,False,elmo
617,0.007446832097684819,0.48843861296772956,0.7386573196664437,elmo_lstm_attn,True,True,400,0.1,2,1,-1,False,elmo
618,0.007564872995044425,0.4879716940224171,0.7402123003577462,elmo_lstm_attn,True,True,400,0.1,2,1,-1,False,elmo
619,0.007549846111578518,0.48373863697052,0.7405001098433759,elmo_lstm_attn,True,True,400,0.1,2,1,-1,False,elmo
620,0.007496780312067131,0.49441914409399035,0.7384300455052893,elmo_lstm_attn,True,True,400,0.1,2,1,-1,False,elmo
621,0.007577388213212544,0.5068056538701058,0.7406721861274912,elmo_lstm_attn,True,True,400,0.1,2,1,-1,False,elmo
622,0.007606023820517294,0.5007808804512024,0.7390331481853496,elmo_lstm_attn,True,True,400,0.1,2,1,-1,False,elmo
623,0.010379442413068318,0.4865907199680805,0.732036356995472,elmo_lstm_attn,True,True,400,0.1,2,1,-1,False,elmo
624,0.011227482288541068,0.4911892667412758,0.7359008564688952,elmo_lstm_attn,True,True,400,0.1,2,1,-1,False,elmo
625,0.010168706172589737,0.4897754371166229,0.7373250384290474,elmo_lstm_attn,True,True,400,0.1,2,1,-1,False,elmo
626,0.009116265577176819,0.4982521668076515,0.7373278162248083,elmo_lstm_attn,True,True,400,0.1,2,1,-1,False,elmo
627,0.008619101235035486,0.49151029735803603,0.7381821250372111,elmo_lstm_attn,True,True,400,0.1,2,1,-1,False,elmo
628,0.007892956102932659,0.4919188916683197,0.7389471088906098,elmo_lstm_attn,True,True,400,0.1,2,1,-1,False,elmo
629,0.007735021341250104,0.5046660356223583,0.7413313424123353,elmo_lstm_attn,True,True,400,0.1,2,1,-1,False,elmo
630,0.007805710095453833,0.49171717539429666,0.7378907839185647,elmo_lstm_attn,True,True,400,0.1,2,1,-1,False,elmo
631,0.007754601307078701,0.4919420093297958,0.7390356532329568,elmo_lstm_attn,True,True,400,0.1,2,1,-1,False,elmo
632,0.00766274150200843,0.49088384211063385,0.74014577868363,elmo_lstm_attn,True,True,400,0.1,2,1,-1,False,elmo
633,0.007642961946112336,0.48891869485378264,0.7387177190173991,elmo_lstm_attn,True,True,400,0.1,2,1,-1,False,elmo
634,0.007646270388249832,0.49272577911615373,0.740685493665063,elmo_lstm_attn,True,True,400,0.1,2,1,-1,False,elmo
635,0.0077076384449355825,0.48738349974155426,0.7403121978390524,elmo_lstm_attn,True,True,400,0.1,2,1,-1,False,elmo
636,0.0076500903875967195,0.48800118267536163,0.7408619389528903,elmo_lstm_attn,True,True,400,0.1,2,1,-1,False,elmo
637,0.0075726489144472,0.49747961238026617,0.7410575250670022,elmo_lstm_attn,True,True,400,0.1,2,1,-1,False,elmo
638,0.0075599688774673265,0.4903994545340538,0.7409562188599218,elmo_lstm_attn,True,True,400,0.1,2,1,-1,False,elmo
639,0.007549815977199614,0.48472739681601523,0.7395191487790915,elmo_lstm_attn,True,True,400,0.1,2,1,-1,False,elmo
640,0.007612747793064045,0.49811040312051774,0.7396275317145955,elmo_lstm_attn,True,True,400,0.1,2,1,-1,False,elmo
641,0.0076078402502389505,0.49472002759575845,0.7399903052347454,elmo_lstm_attn,True,True,400,0.1,2,1,-1,False,elmo
642,0.007612971459820983,0.4970124363899231,0.7411277498523379,elmo_lstm_attn,True,True,400,0.1,2,1,-1,False,elmo
643,0.007532633579739922,0.4944303348660469,0.7399491466636726,elmo_lstm_attn,True,True,400,0.1,2,1,-1,False,elmo
644,0.007552835699334537,0.48751356154680253,0.7408474589737739,elmo_lstm_attn,True,True,400,0.1,2,1,-1,False,elmo
645,0.007572533102938905,0.4862020120024681,0.7394238093123968,elmo_lstm_attn,True,True,400,0.1,2,1,-1,False,elmo
646,0.007581103934899147,0.4972368359565735,0.741566889705074,elmo_lstm_attn,True,True,400,0.1,2,1,-1,False,elmo
647,0.007732400370878167,0.48815146535634996,0.7390928931953781,elmo_lstm_attn,True,True,400,0.1,2,1,-1,False,elmo
648,0.007704392609412025,0.4865515634417534,0.7408767976939806,elmo_lstm_attn,True,True,400,0.1,2,1,-1,False,elmo
649,0.007637163384788437,0.4955722004175186,0.7424659582851975,elmo_lstm_attn,True,True,400,0.1,2,1,-1,False,elmo
650,0.0075521183441196625,0.495563779771328,0.7423538278993452,elmo_lstm_attn,True,True,400,0.1,2,1,-1,False,elmo
651,0.007498313192627393,0.49545463770627973,0.7420997208054366,elmo_lstm_attn,True,True,400,0.1,2,1,-1,False,elmo
652,0.007430419469619665,0.49341576993465425,0.7417207904875024,elmo_lstm_attn,True,True,400,0.1,2,1,-1,False,elmo
653,0.007586645375886292,0.48617544695734977,0.7410150605710907,elmo_lstm_attn,True,True,400,0.1,2,1,-1,False,elmo
654,0.007613917691469396,0.4958859831094742,0.7420794751057277,elmo_lstm_attn,True,True,400,0.1,2,1,-1,False,elmo
655,0.007677337462337164,0.49458680003881456,0.7418964215149706,elmo_lstm_attn,True,True,400,0.1,2,1,-1,False,elmo
656,0.007588288194529014,0.5018744885921478,0.7400019484557823,elmo_lstm_attn,True,True,400,0.1,2,1,-1,False,elmo
657,0.013947101634585124,0.49393508657813073,0.7344643640150884,elmo_lstm_attn,True,True,400,0.1,2,1,-1,False,elmo
658,0.012261047788888391,0.49918234944343565,0.7320233278277586,elmo_lstm_attn,True,True,400,0.1,2,1,-1,False,elmo
659,0.011614922733315325,0.49726034626364707,0.7401603563997009,elmo_lstm_attn,True,True,400,0.1,2,1,-1,False,elmo
660,0.009005187622733501,0.4829704873263836,0.73968319453779,elmo_lstm_attn,True,True,400,0.1,2,1,-1,False,elmo
661,0.008077843133924035,0.49103922098875047,0.7426126406150608,elmo_lstm_attn,True,True,400,0.1,2,1,-1,False,elmo
662,0.0076469022821584074,0.49461442828178404,0.7391255292742006,elmo_lstm_attn,True,True,400,0.1,2,1,-1,False,elmo
663,0.007573407789186604,0.4863640323281288,0.7411650507357145,elmo_lstm_attn,True,True,400,0.1,2,1,-1,False,elmo
664,0.007429033074458857,0.4824456885457039,0.7409781738449188,elmo_lstm_attn,True,True,400,0.1,2,1,-1,False,elmo
665,0.007529671196425625,0.48654393702745435,0.7403535378790311,elmo_lstm_attn,True,True,400,0.1,2,1,-1,False,elmo
666,0.007464165899136788,0.4912808984518051,0.7408277216297776,elmo_lstm_attn,True,True,400,0.1,2,1,-1,False,elmo
667,0.007587825639984658,0.49486428797245025,0.7408101042875668,elmo_lstm_attn,True,True,400,0.1,2,1,-1,False,elmo
668,0.007524542745159124,0.4984263524413109,0.7406569516256858,elmo_lstm_attn,True,True,400,0.1,2,1,-1,False,elmo
669,0.007541935415792978,0.4840244337916374,0.7406138956773141,elmo_lstm_attn,True,True,400,0.1,2,1,-1,False,elmo
670,0.007542509503036854,0.49353128522634504,0.7405040648441437,elmo_lstm_attn,True,True,400,0.1,2,1,-1,False,elmo
671,0.007587845221132738,0.4901644065976143,0.7422582900633865,elmo_lstm_attn,True,True,400,0.1,2,1,-1,False,elmo
672,0.007564453331724508,0.4904445707798004,0.7414713620401445,elmo_lstm_attn,True,True,400,0.1,2,1,-1,False,elmo
673,0.007553973373433109,0.4902011290192604,0.7412028030093051,elmo_lstm_attn,True,True,400,0.1,2,1,-1,False,elmo
674,0.007543412508539404,0.4963566020131111,0.7418504198599993,elmo_lstm_attn,True,True,400,0.1,2,1,-1,False,elmo
675,0.007459489402117469,0.4920182920992374,0.7411159012855328,elmo_lstm_attn,True,True,400,0.1,2,1,-1,False,elmo
676,0.007490888178608657,0.4876729041337967,0.7392874847548124,elmo_lstm_attn,True,True,400,0.1,2,1,-1,False,elmo
677,0.007576286671337584,0.49210953414440156,0.742333323677977,elmo_lstm_attn,True,True,400,0.1,2,1,-1,False,elmo
678,0.007523276252140931,0.4814383491873741,0.7425434495510856,elmo_lstm_attn,True,True,400,0.1,2,1,-1,False,elmo
679,0.007590761396022572,0.49909526482224464,0.7406380038924851,elmo_lstm_attn,True,True,400,0.1,2,1,-1,False,elmo
680,0.007654269467730046,0.48561653196811677,0.7426410558438542,elmo_lstm_attn,True,True,400,0.1,2,1,-1,False,elmo
681,0.007584031370424782,0.4848775714635849,0.7427065880026318,elmo_lstm_attn,True,True,400,0.1,2,1,-1,False,elmo
682,0.007582139527585241,0.4846078656613827,0.7411130217214479,elmo_lstm_attn,True,True,400,0.1,2,1,-1,False,elmo
683,0.007590165322471876,0.48748810291290284,0.7409210140595331,elmo_lstm_attn,True,True,400,0.1,2,1,-1,False,elmo
684,0.007631926878457307,0.4944778598845005,0.7429733542394267,elmo_lstm_attn,True,True,400,0.1,2,1,-1,False,elmo
685,0.0076005019733202065,0.48600266352295873,0.7408950872045683,elmo_lstm_attn,True,True,400,0.1,2,1,-1,False,elmo
686,0.0074763381712728005,0.4917870178818703,0.7421602579879994,elmo_lstm_attn,True,True,400,0.1,2,1,-1,False,elmo
687,0.007398255099542439,0.4922218181192875,0.7407833290990371,elmo_lstm_attn,True,True,400,0.1,2,1,-1,False,elmo
688,0.007460911144880811,0.5023841723799706,0.7424126609285533,elmo_lstm_attn,True,True,400,0.1,2,1,-1,False,elmo
689,0.007483905278058955,0.49399103969335556,0.7405911878085547,elmo_lstm_attn,True,True,400,0.1,2,1,-1,False,elmo
690,0.00751423797728421,0.4920974180102348,0.7410570855279314,elmo_lstm_attn,True,True,400,0.1,2,1,-1,False,elmo
691,0.007557834345698211,0.4875337064266205,0.7410961892109753,elmo_lstm_attn,True,True,400,0.1,2,1,-1,False,elmo
692,0.007465208442408766,0.4884373962879181,0.7420226444886856,elmo_lstm_attn,True,True,400,0.1,2,1,-1,False,elmo
693,0.007635428760750074,0.49547162353992463,0.7417792426195888,elmo_lstm_attn,True,True,400,0.1,2,1,-1,False,elmo
694,0.0075644887875569115,0.49215731844305993,0.7403290312313372,elmo_lstm_attn,True,True,400,0.1,2,1,-1,False,elmo
695,0.007599710016165773,0.4859055206179619,0.7423435132500985,elmo_lstm_attn,True,True,400,0.1,2,1,-1,False,elmo
696,0.007607927314893459,0.49247995391488075,0.7399273262496748,elmo_lstm_attn,True,True,400,0.1,2,1,-1,False,elmo
697,0.007520032713455293,0.4915145099163055,0.7410995990590241,elmo_lstm_attn,True,True,400,0.1,2,1,-1,False,elmo
698,0.007499941446167213,0.4913736738264561,0.7406858570985098,elmo_lstm_attn,True,True,400,0.1,2,1,-1,False,elmo
699,0.007527425598800619,0.49773270785808565,0.7414262948044685,elmo_lstm_attn,True,True,400,0.1,2,1,-1,False,elmo
700,0.0075145346887438794,0.49233966022729875,0.7420452202566754,elmo_lstm_attn,True,True,400,0.1,2,1,-1,False,elmo
701,0.007504499657625274,0.48842707127332685,0.7407099821437184,elmo_lstm_attn,True,True,400,0.1,2,1,-1,False,elmo
702,0.007403873717976239,0.49455769211053846,0.7428282394818257,elmo_lstm_attn,True,True,400,0.1,2,1,-1,False,elmo
703,0.007523933057564136,0.48877233937382697,0.7408554264134656,elmo_lstm_attn,True,True,400,0.1,2,1,-1,False,elmo
704,0.007533031725188266,0.4992444485425949,0.7404426341602551,elmo_lstm_attn,True,True,400,0.1,2,1,-1,False,elmo
705,0.007485186330268334,0.4941474750638008,0.7416324777515039,elmo_lstm_attn,True,True,400,0.1,2,1,-1,False,elmo
706,0.0074966736739042975,0.4925841152667999,0.7422469620608313,elmo_lstm_attn,True,True,400,0.1,2,1,-1,False,elmo
707,0.007413512901803187,0.49733955413103104,0.7407550111301122,elmo_lstm_attn,True,True,400,0.1,2,1,-1,False,elmo
708,0.007469274272625626,0.49126277640461924,0.7424240473052808,elmo_lstm_attn,True,True,400,0.1,2,1,-1,False,elmo
709,0.007475548293859902,0.48975579291582105,0.740647377178268,elmo_lstm_attn,True,True,400,0.1,2,1,-1,False,elmo
710,0.007551294904169481,0.48997521176934244,0.7427739256772161,elmo_lstm_attn,True,True,400,0.1,2,1,-1,False,elmo
711,0.0076213904984342665,0.49158393740653994,0.7431451429973697,elmo_lstm_attn,True,True,400,0.1,2,1,-1,False,elmo
712,0.007542132223352383,0.49071726500988005,0.7409967304555152,elmo_lstm_attn,True,True,400,0.1,2,1,-1,False,elmo
713,0.007479749876983988,0.49944980144500734,0.740976969684047,elmo_lstm_attn,True,True,400,0.1,2,1,-1,False,elmo
714,0.007411593976212316,0.48658047914505004,0.7414914124382277,elmo_lstm_attn,True,True,400,0.1,2,1,-1,False,elmo
715,0.007495395064688637,0.4913598999381065,0.7419893219093903,elmo_lstm_attn,True,True,400,0.1,2,1,-1,False,elmo
716,0.007433983345299567,0.4899021588265896,0.741828192060046,elmo_lstm_attn,True,True,400,0.1,2,1,-1,False,elmo
717,0.007408428513917898,0.4958672299981117,0.7437837215668495,elmo_lstm_attn,True,True,400,0.1,2,1,-1,False,elmo
718,0.007538853975256643,0.49147341549396517,0.7433824836796167,elmo_lstm_attn,True,True,400,0.1,2,1,-1,False,elmo
719,0.007508859404970281,0.4987667456269264,0.7431650371343151,elmo_lstm_attn,True,True,400,0.1,2,1,-1,False,elmo
720,0.00754805662409126,0.49390173256397246,0.7400554697229309,elmo_lstm_attn,True,True,400,0.1,2,1,-1,False,elmo
721,0.007487597777071642,0.49692643582820895,0.7422904676210104,elmo_lstm_attn,True,True,400,0.1,2,1,-1,False,elmo
722,0.007510043014826806,0.4841208130121231,0.7448307129185151,elmo_lstm_attn,True,True,400,0.1,2,1,-1,False,elmo
723,0.0075140611847928085,0.48198660016059874,0.7436701940138237,elmo_lstm_attn,True,True,400,0.1,2,1,-1,False,elmo
724,0.00751361655202345,0.493267522752285,0.7434544176611146,elmo_lstm_attn,True,True,400,0.1,2,1,-1,False,elmo
725,0.007443991388117866,0.49244134724140165,0.7419333938246071,elmo_lstm_attn,True,True,400,0.1,2,1,-1,False,elmo
726,0.007393736903577519,0.4913767032325268,0.7420672168700426,elmo_lstm_attn,True,True,400,0.1,2,1,-1,False,elmo
727,0.007388218444611993,0.5009248428046703,0.7424349162774703,elmo_lstm_attn,True,True,400,0.1,2,1,-1,False,elmo
728,0.007489488855753734,0.4956625208258629,0.7425521896630285,elmo_lstm_attn,True,True,400,0.1,2,1,-1,False,elmo
729,0.007462132216551254,0.4941774860024452,0.7414140602066248,elmo_lstm_attn,True,True,400,0.1,2,1,-1,False,elmo
730,0.00748102821721659,0.49443911015987396,0.7409658686908352,elmo_lstm_attn,True,True,400,0.1,2,1,-1,False,elmo
731,0.007527758994456235,0.49199364334344864,0.7422440551585276,elmo_lstm_attn,True,True,400,0.1,2,1,-1,False,elmo
732,0.0075120301724382445,0.48849989995360377,0.741473049909463,elmo_lstm_attn,True,True,400,0.1,2,1,-1,False,elmo
733,0.007545485636910598,0.4786210894584656,0.7438364147886699,elmo_lstm_attn,True,True,400,0.1,2,1,-1,False,elmo
734,0.007446505948792037,0.4971361689269543,0.7407424049497302,elmo_lstm_attn,True,True,400,0.1,2,1,-1,False,elmo
735,0.007535137902141287,0.4982107639312744,0.741910367505942,elmo_lstm_attn,True,True,400,0.1,2,1,-1,False,elmo
736,0.00754571311726977,0.48545541018247607,0.7426279923886698,elmo_lstm_attn,True,True,400,0.1,2,1,-1,False,elmo
737,0.007443580897779611,0.48789448514580724,0.7415867706392097,elmo_lstm_attn,True,True,400,0.1,2,1,-1,False,elmo
738,0.007457986398776484,0.48863992244005205,0.7433032749191816,elmo_lstm_attn,True,True,400,0.1,2,1,-1,False,elmo
739,0.007523245751508511,0.4910483181476593,0.7422108664812066,elmo_lstm_attn,True,True,400,0.1,2,1,-1,False,elmo
740,0.007486465552028676,0.4961557641625404,0.7421332169767144,elmo_lstm_attn,True,True,400,0.1,2,1,-1,False,elmo
741,0.007469410057819914,0.491527695953846,0.7428638730053289,elmo_lstm_attn,True,True,400,0.1,2,1,-1,False,elmo
742,0.007567573009418993,0.4959629334509373,0.7417521641595499,elmo_lstm_attn,True,True,400,0.1,2,1,-1,False,elmo
743,0.007492150367670547,0.495033372938633,0.7421846875795529,elmo_lstm_attn,True,True,400,0.1,2,1,-1,False,elmo
744,0.007432777953181357,0.49107119962573054,0.7428949067293126,elmo_lstm_attn,True,True,400,0.1,2,1,-1,False,elmo
745,0.007488750088759844,0.49416074976325036,0.7398358446526213,elmo_lstm_attn,True,True,400,0.1,2,1,-1,False,elmo
746,0.007447650259564398,0.487843731045723,0.7401500594732969,elmo_lstm_attn,True,True,400,0.1,2,1,-1,False,elmo
747,0.007388913577869971,0.4938696175813675,0.7396531360538876,elmo_lstm_attn,True,True,400,0.1,2,1,-1,False,elmo
748,0.007471885705217574,0.4924987867474556,0.7410019745185104,elmo_lstm_attn,True,True,400,0.1,2,1,-1,False,elmo
749,0.007359447143790021,0.4913908541202545,0.7389867596897346,elmo_lstm_attn,True,True,400,0.1,2,1,-1,False,elmo
750,0.007506652320898866,0.4887640938162804,0.7414825685730215,elmo_lstm_attn,True,True,400,0.1,2,1,-1,False,elmo
751,0.007449381915921549,0.4981081172823906,0.7411557949673405,elmo_lstm_attn,True,True,400,0.1,2,1,-1,False,elmo
752,0.007456435860103738,0.4918145701289177,0.7400318620333511,elmo_lstm_attn,True,True,400,0.1,2,1,-1,False,elmo
753,0.007474743322381983,0.4911763593554497,0.7412394420383881,elmo_lstm_attn,True,True,400,0.1,2,1,-1,False,elmo
754,0.007485557289419376,0.490116249024868,0.7398108756105446,elmo_lstm_attn,True,True,400,0.1,2,1,-1,False,elmo
755,0.007462752591072786,0.49450705349445345,0.7384745811883572,elmo_lstm_attn,True,True,400,0.1,2,1,-1,False,elmo
756,0.007537491097991733,0.48927786499261855,0.7394008367261067,elmo_lstm_attn,True,True,400,0.1,2,1,-1,False,elmo
757,0.0075440839799739475,0.4974498488008976,0.7410584393810355,elmo_lstm_attn,True,True,400,0.1,2,1,-1,False,elmo
758,0.007477560015240669,0.48380475789308547,0.7406976790852463,elmo_lstm_attn,True,True,400,0.1,2,1,-1,False,elmo
759,0.00746174220953435,0.4932970553636551,0.7399977627243937,elmo_lstm_attn,True,True,400,0.1,2,1,-1,False,elmo
760,0.007485741243363009,0.49007700085639955,0.7415382506099146,elmo_lstm_attn,True,True,400,0.1,2,1,-1,False,elmo
761,0.00739917525711462,0.49037402421236037,0.7395441307920457,elmo_lstm_attn,True,True,400,0.1,2,1,-1,False,elmo
762,0.007413309474395646,0.4915753833949566,0.741438942914954,elmo_lstm_attn,True,True,400,0.1,2,1,-1,False,elmo
763,0.007480848403611162,0.48931590989232066,0.7397826864605712,elmo_lstm_attn,True,True,400,0.1,2,1,-1,False,elmo
764,0.007488130141473448,0.4822622060775757,0.7403206423302633,elmo_lstm_attn,True,True,400,0.1,2,1,-1,False,elmo
765,0.007584289165333757,0.5057249054312706,0.7404465297245798,elmo_lstm_attn,True,True,400,0.1,2,1,-1,False,elmo
766,0.007605103613150277,0.4917168110609055,0.7392686687259722,elmo_lstm_attn,True,True,400,0.1,2,1,-1,False,elmo
767,0.007602953697642079,0.4961050793528557,0.7397706516442544,elmo_lstm_attn,True,True,400,0.1,2,1,-1,False,elmo
768,0.007588637970548007,0.5006687387824058,0.7420779714518824,elmo_lstm_attn,True,True,400,0.1,2,1,-1,False,elmo
769,0.007533190829781234,0.4998333610594273,0.7414069657656869,elmo_lstm_attn,True,True,400,0.1,2,1,-1,False,elmo
770,0.007498364259390655,0.4809755340218544,0.741664454115293,elmo_lstm_attn,True,True,400,0.1,2,1,-1,False,elmo
771,0.007463446962992748,0.4881960414350033,0.7397296706769975,elmo_lstm_attn,True,True,400,0.1,2,1,-1,False,elmo
772,0.00744463044575241,0.4897316932678223,0.7416379803593911,elmo_lstm_attn,True,True,400,0.1,2,1,-1,False,elmo
773,0.00754601828803061,0.4949219897389412,0.7413856628689922,elmo_lstm_attn,True,True,400,0.1,2,1,-1,False,elmo
774,0.007456954001736449,0.4904219649732113,0.7405717135224177,elmo_lstm_attn,True,True,400,0.1,2,1,-1,False,elmo
775,0.007459561027098971,0.49316885992884635,0.7410451314720732,elmo_lstm_attn,True,True,400,0.1,2,1,-1,False,elmo
776,0.007526281553373338,0.49452854618430137,0.7416532986276098,elmo_lstm_attn,True,True,400,0.1,2,1,-1,False,elmo
777,0.00749920298176221,0.4839570805430412,0.7420222919274934,elmo_lstm_attn,True,True,400,0.1,2,1,-1,False,elmo
778,0.007530899946323189,0.48465673327445985,0.7418473928637743,elmo_lstm_attn,True,True,400,0.1,2,1,-1,False,elmo
779,0.0073126321877680315,0.4889064535498619,0.7403994249805376,elmo_lstm_attn,True,True,400,0.1,2,1,-1,False,elmo
780,0.007395170050767774,0.4999220140278339,0.7407753743135967,elmo_lstm_attn,True,True,400,0.1,2,1,-1,False,elmo
781,0.007445606781311653,0.49656527265906336,0.7419969323342728,elmo_lstm_attn,True,True,400,0.1,2,1,-1,False,elmo
782,0.007498009201071909,0.4989506036043167,0.7418196084587315,elmo_lstm_attn,True,True,400,0.1,2,1,-1,False,elmo
783,0.007476907394539012,0.48547363132238386,0.7411028374705357,elmo_lstm_attn,True,True,400,0.1,2,1,-1,False,elmo
784,0.007472241260802548,0.49767405688762667,0.7419405607237867,elmo_lstm_attn,True,True,400,0.1,2,1,-1,False,elmo
785,0.007501660381785768,0.48547191470861434,0.741606337708016,elmo_lstm_attn,True,True,400,0.1,2,1,-1,False,elmo
786,0.007483382975533459,0.49243385940790174,0.7427703829661845,elmo_lstm_attn,True,True,400,0.1,2,1,-1,False,elmo
787,0.007522285009781626,0.493433004617691,0.7425486336874375,elmo_lstm_attn,True,True,400,0.1,2,1,-1,False,elmo
788,0.007487983828923461,0.4968875542283058,0.7406564511179712,elmo_lstm_attn,True,True,400,0.1,2,1,-1,False,elmo
789,0.007468145367056422,0.5071372888982296,0.7401452582868464,elmo_lstm_attn,True,True,400,0.1,2,1,-1,False,elmo
790,0.00749475890861504,0.48955621346831324,0.743869069464109,elmo_lstm_attn,True,True,400,0.1,2,1,-1,False,elmo
791,0.00743818844866837,0.49491836279630663,0.7437698252553588,elmo_lstm_attn,True,True,400,0.1,2,1,-1,False,elmo
792,0.0074772169944026246,0.49914573356509206,0.7430559431808307,elmo_lstm_attn,True,True,400,0.1,2,1,-1,False,elmo
793,0.007485742467451928,0.49385955929756165,0.7428519654153342,elmo_lstm_attn,True,True,400,0.1,2,1,-1,False,elmo
794,0.007550669454212766,0.4890350580215454,0.7448183415449745,elmo_lstm_attn,True,True,400,0.1,2,1,-1,False,elmo
795,0.007480687987845158,0.49158249646425245,0.7425000829098867,elmo_lstm_attn,True,True,400,0.1,2,1,-1,False,elmo
796,0.007455058075720444,0.4943188801407814,0.7420351053772876,elmo_lstm_attn,True,True,400,0.1,2,1,-1,False,elmo
797,0.007471658229633249,0.49804083853960035,0.7428679048294933,elmo_lstm_attn,True,True,400,0.1,2,1,-1,False,elmo
798,0.0075128445477275815,0.5027607992291451,0.7402989875721231,elmo_lstm_attn,True,True,400,0.1,2,1,-1,False,elmo
799,0.007504359097674751,0.49653219282627103,0.7424388268579291,elmo_lstm_attn,True,True,400,0.1,2,1,-1,False,elmo
