tgrep_id,Mean,Var,YMin,YMax
100571:7,4.9,4.322222222222222,3.5,6.1
100584:49,4,2.888888888888889,3,5
100603:25,2.4,1.8222222222222224,1.6,3.2
100784:45,4.9,4.544444444444444,3.6,6
100820:27,4.7,4.9,3.5,6
100889:88,5.9,1.6555555555555554,5.1,6.6
100975:27,3.7,3.122222222222222,2.6,4.6
101025:37,3.8,3.2888888888888888,2.7975000000000003,4.8
101121:88,3.9,6.544444444444445,2.4,5.3
101243:85,3.3,4.677777777777777,2,4.7
101449:50,4.4,4.711111111111111,3,5.6
101464:11,4.5,3.388888888888889,3.4,5.5
102005:100,3.4,5.155555555555555,2.2,4.7
102016:6,3.5,5.2105263157894735,2.59875,4.5
10235:39,3.7,6.455555555555557,2.3,5.2
102431:45,3.7,3.3444444444444446,2.5975,4.7
102546:21,4.7,2.677777777777778,3.8,5.6
102781:19,2.9,4.322222222222223,1.7,4.2
102998:7,4.7,2.011111111111111,3.9,5.5
103194:37,3,2.6666666666666665,2.1,4
103477:18,5,2.2222222222222223,4.1,5.9
103563:4,5.9,1.877777777777778,5.1,6.6
103574:12,3.7,3.7888888888888883,2.6,4.8
103624:72,4.9,3.6555555555555554,3.7,6
103644:40,5.9,2.322222222222223,4.9,6.6
103644:84,5.2,3.955555555555555,4,6.3024999999999975
103701:14,2.7,1.5666666666666667,2,3.4024999999999976
103788:26,5.6,2.2666666666666666,4.6,6.3
103868:139,3.9,3.6555555555555546,2.7,5
103911:47,5.6,2.2666666666666666,4.7,6.4
104196:61,4.8,2.177777777777778,3.8,5.6
104230:49,4.6,3.822222222222222,3.5,5.7
104255:44,3.4,2.711111111111111,2.6,4.4
104342:23,5.1,4.322222222222222,3.8,6.3
104694:41,4,6,2.6,5.4
105043:10,2.8,5.511111111111112,1.5,4.3
105338:42,4.3,3.1222222222222227,3.2,5.3
105485:20,4.6,3.822222222222222,3.5,5.8
105896:51,3,2.2222222222222223,2.2,3.9
106267:29,4.5,3.388888888888889,3.3,5.5
106391:27,2.8,2.8444444444444446,1.9,3.8
106437:19,3.5,5.166666666666667,2.2,4.8
106565:53,4.9,2.766666666666667,3.9,5.8
106619:25,2.8,2.622222222222222,1.8,3.8
106658:65,3,2.888888888888889,2.1,4
106691:93,4.6,5.155555555555556,3.3,5.9
107258:36,4.4,2.2666666666666666,3.5,5.4
107469:25,4.9,2.1000000000000005,4.1,5.7
107709:28,5.7,0.8999999999999999,5.1,6.2
107796:20,4.4,3.1555555555555554,3.2,5.4
107802:43,4,4.888888888888889,2.6,5.2
107909:42,4.7,2.677777777777778,3.7,5.6
108182:30,3.6,4.933333333333334,2.3,5
108182:40,4,4.444444444444445,2.8,5.202499999999998
108349:80,4.2,3.2888888888888883,3.2,5.2
10841:72,3.5,4.944444444444445,2.3,4.8
108521:93,5.8,1.511111111111111,5.1,6.5
108737:78,4.4,5.822222222222223,3,5.8024999999999975
108744:71,3.9,3.877777777777778,2.7,5
108757:10,5.4,2.488888888888889,4.4,6.3
108790:33,1.9,2.988888888888889,1,3
108790:55,4.7,1.5666666666666667,4,5.4
108807:56,5.5,1.8333333333333333,4.7,6.3
108856:37,4.2,2.1777777777777776,3.3,5
108856:73,2.4,5.6,1,3.9
10895:45,4.2,1.5111111111111108,3.5,4.9
108972:69,3.1,2.988888888888889,2.1975000000000002,4.1
108975:9,4.25,4.197368421052632,3.35,5.1
109040:25,3.7,3.5666666666666678,2.6,4.8
109067:18,2.5,3.388888888888889,1.6,3.8
109067:39,3.2,4.177777777777779,2,4.3024999999999975
109067:60,3.1,2.5444444444444447,2.2975000000000003,4.002499999999998
109255:17,5.3,2.677777777777778,4.3,6.1
109269:7,5.8,2.4000000000000004,4.8,6.6
109394:16,5.8,1.288888888888889,5.1,6.402499999999998
109644:34,4.6,4.933333333333334,3.2,5.8
109712:50,4.3,3.3444444444444446,3.2,5.3
110359:35,4.4,3.1555555555555554,3.4,5.4
110384:95,3.7,3.1222222222222222,2.6,4.7
110398:27,3.3,5.122222222222223,2.1,4.7
110628:20,4.4,4.488888888888889,3,5.6
11082:15,1.5,0.5,1.1,1.9
111407:85,4.1,2.988888888888889,3.1,5.1
111758:13,4.2,2.6222222222222222,3.3,5.1
112058:22,5.6,2.2666666666666666,4.6,6.4
112156:136,4.9,3.8777777777777778,3.6975000000000002,6
112290:7,5.7,1.1222222222222222,5.1,6.3
11233:53,3,3.3333333333333335,1.9975,4.2
112498:14,3.5,3.8333333333333335,2.4,4.7
112637:73,2.4,1.1555555555555557,1.8,3
112844:32,3.3,2.677777777777778,2.4,4.3
112989:20,4.9,2.7666666666666675,3.8,5.8
113277:12,3.9,3.433333333333333,2.8,5
11328:16,2.9,3.8777777777777778,1.8,4.1
113457:49,2.5,4.5,1.4,3.8
113475:14,4.4,2.711111111111111,3.4975,5.4
11353:13,2.9,2.1,2,3.7
113793:23,3.9,3.8777777777777778,2.8,5
113850:63,4.1,3.2111111111111117,3,5.1
113855:35,5,3.5555555555555554,3.8,6
113957:66,4.1,2.1000000000000005,3.2,4.9
114202:81,5.6,2.0444444444444443,4.6975,6.3
114255:29,3.4,6.933333333333334,1.9,5
114588:104,4.2,3.511111111111111,3,5.3
114610:10,2.6,2.488888888888889,1.7,3.6
115343:46,5.7,2.677777777777778,4.6975,6.5
115483:40,5.7,1.3444444444444443,4.9,6.4
115490:21,4.3,3.7888888888888896,3.1,5.4
115525:57,3.8,3.066666666666666,2.7,4.8
11568:18,2.6,2.488888888888889,1.7,3.5
115742:25,5.5,1.6111111111111112,4.7975,6.202499999999998
115916:39,3.6,4.933333333333333,2.3,5
116197:36,3.8,3.0666666666666664,2.8,4.9
116252:35,4.3,3.1222222222222227,3.2,5.3
116495:21,4,4.222222222222222,2.8,5.2
116582:15,2.3,2.9,1.4,3.4
116717:11,4.9,5.433333333333334,3.5,6.2
116940:96,3.5,3.8333333333333335,2.4,4.6
117330:23,4.3,4.455555555555555,3,5.6
117354:63,5.3,2.455555555555556,4.3975,6.2
11767:21,2.7,2.9000000000000004,1.8,3.8
1177:17,5.7,1.788888888888889,4.9,6.4
117808:33,3.8,4.844444444444444,2.5,5
117836:27,2.8,1.5111111111111113,2.1,3.6
118309:83,3.3,3.3444444444444446,2.3,4.4
118734:78,5.5,4.055555555555555,4.1975,6.5
118753:13,3.9,3.433333333333333,2.9,5
118769:33,4.8,3.7333333333333334,3.7,5.9
118955:17,4.4,4.2666666666666675,3.1,5.6
119111:78,3.4,3.1555555555555554,2.4,4.4
119144:63,4.1,4.1,2.9,5.3
11929:60,4.4,2.2666666666666666,3.4,5.2
119842:10,2.6,4.711111111111112,1.5,4
11991:7,5.2,1.5111111111111108,4.5,5.9
11992:7,6.3,1.1222222222222222,5.7,6.9
119945:93,1.7,1.1222222222222222,1.1,2.4
120178:18,2.2,2.8444444444444446,1.3,3.2
120254:15,5.4,1.3777777777777775,4.6,6
120455:20,4.3,1.5666666666666667,3.5,5
120455:28,3.5,2.9444444444444446,2.5,4.5
120456:22,2.3,2.455555555555555,1.4,3.2
120517:9,5,2.6666666666666665,4,5.9
1206:10,4.2,4.177777777777778,3,5.4
120747:13,2.1,2.322222222222222,1.4,3.1
120873:46,2.3,0.8999999999999999,1.7,2.9
120922:61,4.1,4.322222222222223,2.8,5.3
121023:37,4.2,5.066666666666666,2.8,5.5
12111:78,3.5,3.1666666666666665,2.5,4.5
121141:6,6.2,1.5111111111111113,5.5,6.9
1214:19,4.5,4.055555555555555,3.2,5.7
121569:26,4.3,5.344444444444445,2.7975000000000003,5.6
121757:115,3.8,2.6222222222222227,2.9,4.702499999999998
121757:134,4.1,5.211111111111111,2.8,5.4
121757:169,4.7,5.122222222222223,3.3,5.9
121757:84,3.3,4.011111111111111,2.2,4.602499999999997
121775:13,3,3.5555555555555554,1.9975,4
121775:50,3.4,3.822222222222223,2.2975000000000003,4.5
121783:13,2.9,3.6555555555555563,1.8,4.1
121793:107,3.2,4.177777777777777,2,4.5
121793:56,3.2,3.9555555555555557,2.1,4.5
12194:43,3.6,1.3777777777777775,2.9,4.3
121941:10,3.2,3.288888888888889,2.1,4.3024999999999975
122421:31,4.3,4.233333333333333,3.1,5.502499999999998
122706:39,4,4,2.7,5.1
122792:22,2.4,2.2666666666666666,1.5975000000000001,3.3
122893:11,2.8,4.622222222222223,1.6,4.1
123034:17,5.4,1.822222222222222,4.6,6.2
123419:8,2.9,2.3222222222222224,2,3.8
123714:38,3.8,4.622222222222224,2.5,5.2
123797:41,4,5.333333333333333,2.7,5.5
123812:31,3.9,5.433333333333334,2.5,5.2
123916:50,3.7,3.1222222222222222,2.6,4.8
124385:34,5.2,2.1777777777777776,4.3,6
124500:45,4.2,3.7333333333333334,3,5.4
124653:71,5.3,1.5666666666666667,4.6,6.1
124760:28,4.5,3.8333333333333335,3.4,5.7
124787:54,2.7,3.122222222222222,1.8,3.8
125063:17,3.9,2.5444444444444443,2.9,4.7
125651:10,5.1,5.211111111111111,3.7975000000000003,6.3
125802:14,4.3,4.01111111111111,3.1,5.5
125857:6,5.2,3.511111111111111,4,6.2
125903:18,4.1,6.1,2.5975,5.5
12596:58,3.1,4.322222222222222,2,4.3
12611:177,3.4,3.6000000000000005,2.3,4.6
126165:57,5.3,4.677777777777778,3.9,6.6
126348:16,5.25,1.986842105263158,4.65,5.751249999999999
126455:10,4.6,4.711111111111112,3.3,5.9
126460:28,4.7,1.788888888888889,3.9,5.5
126604:16,4.7,4.455555555555556,3.4,5.9
126610:15,2.8,5.511111111111111,1.5,4.2
126632:62,4.2,4.400000000000001,3,5.5
126761:25,4.9,2.1,3.9,5.7
126761:30,5,2.4444444444444446,4.1975,5.9
127011:17,5.3,2.9000000000000004,4.2,6.2
127169:7,5.3,2.011111111111111,4.5,6.002499999999998
127350:66,3,4.888888888888889,1.9,4.4
127456:31,5.2,2.4,4.3,6
127596:32,3.7,4.677777777777778,2.5,5
127761:15,3.2,2.8444444444444446,2.2,4.2
127919:39,3.2,2.8444444444444446,2.2,4.2
128104:24,4.2,1.5111111111111113,3.5,4.9
128305:9,3.2,4.4,1.9,4.5
128489:17,4,4,2.9,5.2
128696:11,3.7,4.677777777777777,2.5,5
129004:16,2.3,1.3444444444444443,1.6,3
129083:10,2.9,1.6555555555555557,2.1,3.7
129171:26,3.6,4.044444444444444,2.4,4.7
129179:18,4.6,2.7789473684210533,3.9,5.251249999999999
129583:26,4.8,2.8444444444444446,3.8,5.8
12998:28,4.7,6.01111111111111,3.1,6.002499999999998
129990:36,4.9,2.9888888888888903,3.9,5.9
130065:25,4.5,2.9444444444444446,3.4975,5.5
130087:11,4.1,4.988888888888889,2.8,5.402499999999998
130276:4,5.6,1.822222222222222,4.8,6.3
130514:28,4.2,1.7333333333333334,3.4,5
13056:42,6.5,0.7222222222222222,6,6.9
130584:43,3.8,5.511111111111111,2.4,5.2
13059:11,6.3,0.6777777777777777,5.8,6.8
130755:109,3.3,3.7888888888888883,2.1,4.5
130776:48,4.3,4.455555555555555,3.1,5.5
130776:68,3.9,3.2111111111111112,2.8,4.9
130807:72,4.3,3.1222222222222222,3.2,5.3024999999999975
13087:15,3.7,4.677777777777778,2.5,5
130958:7,5.1,3.4333333333333336,4,6.1
130994:56,2.8,1.9555555555555553,2,3.6
131277:37,3.8,4.844444444444445,2.5,5.2
131278:6,5.2,1.7333333333333332,4.4975000000000005,6
131517:11,5.4,2.488888888888889,4.5,6.3
131523:14,4.5,3.611111111111111,3.2975000000000003,5.5
131722:36,3.2,3.288888888888889,2.1,4.2
132148:16,5,2.2222222222222223,4,5.8
132402:20,5.3,3.1222222222222222,4.2,6.4
132454:18,4.9,4.322222222222222,3.6,6
132696:166,3.2,4.177777777777777,2.1,4.4
132933:5,5.7,2.677777777777778,4.6975,6.6
132933:57,4.2,3.9555555555555557,3.1,5.4
13296:18,5.1,2.1,4.2,6
133013:23,3.8,6.177777777777779,2.3975,5.2
133228:13,3,2.6666666666666665,2,4
133358:40,5,2.6666666666666665,3.9975,5.9
13347:160,3.2,3.9555555555555557,2.1,4.5
13347:26,3.4,6.711111111111111,2,5
133518:49,4.7,3.3444444444444446,3.6,5.7
134021:50,4.7,2.9000000000000004,3.6,5.6
134033:13,4.5,5.166666666666667,3.1,5.8
134101:49,3.1,3.6555555555555554,2,4.3
13411:17,4.7,3.3444444444444446,3.4,5.7
134169:64,3.55,3.418421052631578,2.75,4.3512499999999985
134176:40,4.8,4.3999999999999995,3.6,6.1
134176:70,5,4.444444444444445,3.7,6.2
134199:41,4.3,2.233333333333334,3.4,5.1
13420:11,4,3.7777777777777777,2.8975,5.2
134228:135,4,4.222222222222222,2.8,5.2
13424:16,4.9,2.7666666666666675,3.8,5.8
13424:44,4,1.7777777777777777,3.2,4.8
134301:16,3.7,4.01111111111111,2.5,4.8
134420:14,4.2,5.288888888888889,2.9,5.5
134420:23,3.7,2.677777777777778,2.8,4.6
134426:23,2.9,4.544444444444444,1.8,4.3
134426:32,3.4,2.933333333333334,2.4,4.4
134426:41,3.3,3.566666666666667,2.2,4.4
134426:48,3.9,4.7666666666666675,2.7,5.1
134479:41,5.4,3.3777777777777778,4.2,6.5
13469:7,5.3,4.233333333333333,4.1,6.4
135016:25,3.4,4.71111111111111,2.2,4.7
135035:25,3.8,3.0666666666666664,2.7,4.8
135381:35,4.7,5.344444444444444,3.3,6.1
135453:35,4.7,2.233333333333333,3.8,5.5
135535:24,5.1,2.5444444444444443,4.2,6
135551:31,3.6,3.3777777777777778,2.7,4.702499999999998
136110:19,3.5,2.0555555555555554,2.6,4.3
136126:11,2.9,3.6555555555555554,1.9,4.1
136135:14,3.4,4.933333333333334,2.2,4.8
136180:24,4.8,3.7333333333333334,3.6,5.8024999999999975
136193:24,3.6,5.155555555555556,2.3,4.9
136205:15,2.7,1.788888888888889,1.9,3.5
136292:43,4.3,2.677777777777778,3.3,5.2
136383:15,4,5.111111111111111,2.6,5.4
136539:14,5.5,4.055555555555555,4.1,6.5
137317:74,4.1,2.322222222222222,3.2,5
137619:16,2.4,4.711111111111111,1.3,3.8
137794:5,4.6,4.48888888888889,3.3,5.8
138037:56,2.8,3.0666666666666664,1.9,3.8
138141:9,2.8,3.9555555555555557,1.7,4
138142:20,4.2,4.844444444444445,2.8,5.5
138154:56,3.3,5.566666666666666,1.9975,4.7
138155:36,2.1,2.1,1.3,3
138174:28,2,1.1111111111111112,1.4,2.6
138291:103,2.9,2.988888888888889,2,4
138291:137,2.7,2.677777777777778,1.8,3.7
138298:34,4.9,4.766666666666667,3.6,6.1
138340:30,4,4.444444444444445,2.8,5.3
138349:36,4,2.4444444444444446,3,4.8
138350:6,2.8,4.4,1.7,4.2
138469:69,3.5,3.388888888888889,2.4,4.6
138703:48,4.8,3.955555555555555,3.6,6
138873:64,3.2,5.955555555555557,1.7,4.602499999999997
138929:40,3.2,3.0666666666666664,2.1,4.2
138943:28,4.2,4.622222222222222,2.9,5.4
139654:36,3.3,4.455555555555556,2.0975,4.5
139682:16,3.5,3.1666666666666665,2.6,4.5
139729:13,2.6,2.2666666666666666,1.8,3.5
139739:24,4.9,0.9888888888888887,4.2,5.5
13977:49,4.3,3.7888888888888883,3.2,5.4
13983:93,1.7,1.7888888888888888,1,2.6
139879:19,3.2,3.288888888888889,2.2,4.202499999999998
140052:14,2.2,3.2888888888888888,1.3,3.3
140196:19,4.4,4.711111111111111,3,5.7
140415:37,3.5,5.611111111111111,2.2,4.8024999999999975
140815:71,3.9,6.1000000000000005,2.5,5.3
140818:41,4.1,4.1000000000000005,3,5.4
140818:55,1.4,1.6000000000000003,1,2.2
140921:16,3.2,2.1777777777777776,2.4,4
140964:11,4.1,2.5444444444444443,3.2,5
141004:32,3.5,3.210526315789474,2.75,4.3
141287:39,4.1,4.98888888888889,2.8,5.4
141886:24,5.5,3.1666666666666665,4.3,6.4
141908:36,3.9,2.1,3.1,4.8
141909:6,4.25,4.828947368421052,3.3,5.2
141921:54,2.7,4.455555555555557,1.4,4
142083:38,5,3.3333333333333335,3.9,6
142083:50,3.6,5.6,2.1975000000000002,5.2
142141:14,4.8,3.511111111111111,3.6,5.9
142147:41,3.5,3.1666666666666665,2.5,4.6
142499:11,4.8,3.288888888888889,3.7,5.8
142780:82,1.2,0.4,1,1.6
142828:81,3.9,4.7666666666666675,2.6,5.1
142849:33,4,3.1578947368421053,3.25,4.8
142965:19,3.4,4.2666666666666675,2.3,4.6
143183:27,5.2,2.1777777777777776,4.3,6.1
143543:20,3.1,2.544444444444445,2.2,4
143578:37,5,2.2222222222222223,4.1,5.9
143722:15,5.6,3.6000000000000005,4.4975000000000005,6.6
143752:15,6.2,0.39999999999999997,5.8,6.6
144063:31,4.1,4.544444444444445,2.8975,5.4
144511:39,5.8,1.9555555555555557,4.9,6.5
145009:13,5.2,3.511111111111111,4.0975,6.2
145355:18,2,1.3333333333333333,1.4,2.7
145369:58,3.8,5.733333333333334,2.4,5.102499999999997
145433:59,2.4,2.9333333333333336,1.5,3.4
145454:30,3.9,2.5157894736842104,3.2,4.6
145536:63,4.5,5.388888888888889,3,5.8
145552:67,1.7,2.233333333333333,1,2.7
145692:12,4.7,1.788888888888889,3.9,5.5
145722:97,4.7,3.566666666666667,3.5975,5.7
145917:27,3.3,6.677777777777777,1.8,4.8
145945:125,4.6,3.3777777777777778,3.5,5.6
146091:18,3.3,4.677777777777778,2.1,4.5
146198:134,3.7,5.122222222222222,2.4,5
146225:40,2.9,4.988888888888889,1.7975,4.3
14637:17,3.9,4.1,2.7,5.1
14653:39,3.2,5.955555555555556,1.9,4.6
146544:24,3.8,2.4000000000000004,2.9,4.6
146612:75,4.9,2.9888888888888894,3.8,5.8024999999999975
146618:32,5.5,2.5,4.6,6.3
146619:59,3.2,2.8444444444444446,2.2,4.2
146662:13,3.8,3.0666666666666664,2.8,4.9
146710:44,5,2.888888888888889,3.9,6
146829:11,5,2.888888888888889,3.8975,5.9
146901:15,3.1,3.6555555555555554,2,4.2
146901:36,4.2,2.177777777777778,3.4,5.1
146950:24,5.2,4.177777777777778,3.8,6.3
147067:15,4.9,3.433333333333334,3.8,5.9
147083:36,4,3.111111111111111,3,5
147237:51,3.8,5.066666666666667,2.4,5.1
14724:29,3.2,3.511111111111111,2.1975000000000002,4.4
147291:12,2.7,2.4555555555555557,1.8,3.7
147337:25,2.9,4.1,1.7975,4.1
147340:7,6,1.1111111111111112,5.3,6.6
147477:43,5.5,2.2777777777777777,4.5,6.3
147582:28,5.2,3.511111111111111,4,6.2
147613:4,4.3,5.344444444444444,2.9,5.6
14769:69,3.7,4.011111111111111,2.5,4.9
147754:50,4.8,3.7333333333333334,3.6,5.9
148130:31,4.6,3.1555555555555554,3.4975,5.6
148183:40,3,6,1.6975000000000002,4.4
148200:15,4.8,4.4,3.5,6
14833:77,5,2.6666666666666665,4.1,5.902499999999998
148355:8,5,3.111111111111111,3.9,6
148372:13,5.3,2.9,4.3,6.3
148456:26,6.3,0.6777777777777777,5.8,6.8
148463:10,4.4,5.377777777777778,3,5.7
148529:15,3.3,2.677777777777778,2.3975,4.2
148538:10,5.3,2.455555555555556,4.3,6.2
148561:14,5.1,4.322222222222221,3.8975,6.3
148889:35,4.9,2.5444444444444443,4,5.8
149148:54,4.4,4.48888888888889,3.1,5.5
149162:20,4.5,3.611111111111111,3.4,5.6
149373:69,4.6,3.822222222222223,3.5,5.7
149427:7,4.4,5.155555555555556,3,5.8
149485:72,3.3,2.9000000000000004,2.3,4.3
149669:184,4,3.5555555555555554,2.9,5.2
14969:24,4.9,1.8777777777777775,4,5.7
14969:33,4.9,2.988888888888889,3.9,5.9
149736:22,4.4,6.2666666666666675,2.8975,5.8
149748:21,4.2,2.6222222222222222,3.3,5.1
149891:51,3.4,7.155555555555555,1.9,5.1
149904:6,3.7,2.6777777777777785,2.6,4.7
15021:56,3.8,4.622222222222224,2.5,5
15068:10,4.8,1.7333333333333338,4,5.5
150826:22,5.1,3.211111111111111,4,6.1
151077:31,5.5,2.7222222222222223,4.4,6.3024999999999975
151108:23,3,3.111111111111111,2,4.002499999999998
151138:37,3.1,3.2111111111111112,2.1,4.2
151303:29,4.6,3.1555555555555554,3.7,5.7
151338:21,5.6,4.933333333333334,4.2,6.7
151536:59,3.1,2.544444444444445,2.2,4
15155:80,3.3,6.011111111111111,2,4.8
152021:55,3.6,2.933333333333333,2.7,4.8
152067:34,2.6,4.2666666666666675,1.5,4
152067:55,2.6,2.933333333333333,1.6,3.6
15216:13,3.2,2.8444444444444446,2.2,4.2
152280:24,4,4,2.8,5.102499999999997
152284:11,5.4,2.488888888888889,4.4,6.3
152359:98,4,3.5555555555555554,3,5.1
15261:29,4.2,2.6222222222222222,3.2,5.002499999999998
15261:95,1.7,2.2333333333333325,1,2.6
15291:54,3.9,4.98888888888889,2.6,5.2
153105:51,2.8,2.6222222222222222,1.8975000000000002,3.8
153227:28,5.7,1.3444444444444443,5,6.4
15332:88,2.9,3.211111111111111,2,4
153721:83,5.5,3.388888888888889,4.4,6.4
153747:33,5.5,2.5,4.5,6.3
153785:23,2.5,2.2777777777777777,1.7,3.3
154094:15,5.5,2.9444444444444446,4.5,6.402499999999998
154338:10,5.4,3.3777777777777778,4.1,6.3
154517:48,5,5.111111111111111,3.5,6.3
154774:35,4.8,2.4000000000000004,3.9,5.7
154986:45,3.4,4.933333333333334,2.1,4.7
155027:11,4.5,4.722222222222222,3.1975000000000002,5.7
155085:10,3.4,3.5999999999999996,2.3,4.5
155092:75,3.2,5.733333333333333,1.8,4.7
155121:37,4.9,3.2111111111111117,3.8,5.9
155148:17,5,2.4444444444444446,3.9,5.7
155201:43,3.5,3.1666666666666665,2.5,4.5
15535:31,4.3,2.677777777777778,3.3,5.2
155408:25,3.3,4.677777777777777,2.1,4.502499999999998
155436:87,2.9,1.211111111111111,2.2,3.5
155471:9,1.5,1.1666666666666667,1,2.3
155521:29,3.5,4.722222222222222,2.3,4.8
155563:20,4.4,6.711111111111111,2.8,5.9
155741:63,5.4,2.933333333333333,4.4,6.4
155746:10,5.2,2.8444444444444446,4.1,6.1
155962:19,4.5,4.722222222222222,3.2,5.8
156060:102,5.3,3.7888888888888896,4,6.3
156086:35,5.3,3.566666666666667,4.1,6.2
156465:52,3.3,3.5666666666666678,2.3,4.5
156639:7,5.3,2.9000000000000004,4.3,6.2
156650:7,5.1,4.322222222222223,3.8,6.2
156671:38,4,3.111111111111111,3,5.1
156697:32,5.6,3.1555555555555554,4.4,6.402499999999998
156896:23,3.9,3.6555555555555563,2.9,5
156938:9,5.7,1.5666666666666667,5,6.4
157049:37,1.5,2.5,1,2.5
15749:21,4.5,4.055555555555555,3.4,5.6
157516:9,6.1,0.5444444444444444,5.7,6.5
157519:107,4,3.111111111111111,3,5.002499999999998
15755:34,4.8,4.844444444444445,3.4975,6.1
157934:65,3.3,2.6777777777777776,2.3,4.2
157961:33,3.4,3.822222222222223,2.3,4.7
158120:17,4.5,1.8333333333333333,3.7,5.3
158188:98,4.4,3.5999999999999996,3.3,5.6
158215:60,3.3,4.677777777777777,2.1,4.6
158261:43,3.8,4.4,2.6,5
158370:21,3,4.666666666666667,1.7975,4.3024999999999975
15843:18,4.5,4.722222222222222,3.3,5.7
158476:38,4.2,4.844444444444445,2.9975,5.4
158511:44,2,1.3333333333333333,1.3,2.7
158550:31,2.7,4.677777777777779,1.5,4
15870:42,4.1,2.9888888888888894,3.1,5.1
158966:17,4.5,3.8333333333333335,3.3,5.5
15903:5,5,4,3.6,6.002499999999998
159110:25,4.4,3.5999999999999996,3.3,5.5
159124:81,3.4,3.5999999999999996,2.3,4.5
159138:19,5.2,2.1777777777777776,4.4,6.1
159146:13,5,4.222222222222222,3.8,6.2
159233:9,5.4,1.822222222222222,4.5975,6.2
159263:34,3.2,3.0666666666666664,2.2,4.2
159281:32,5,3.3333333333333335,3.9,6.1
159358:7,4.7,4.011111111111111,3.5,5.8
159588:39,5.7,2.6777777777777776,4.7,6.6
159592:14,5.2,3.288888888888889,4.2,6.1
160087:28,2.2,2.4000000000000004,1.4,3.1
160087:35,2.7,2.2333333333333334,1.9,3.6
16039:6,5.6,1.822222222222222,4.8,6.4
160477:87,3.6,3.377777777777778,2.5975,4.7
16054:41,4,5.111111111111111,2.7,5.3
160595:7,4.5,2.2777777777777777,3.5,5.4
160988:9,3.5,4.277777777777778,2.3,4.8
160993:10,4.2,4.844444444444445,2.9,5.5
160994:25,3.7,5.122222222222222,2.3975,5
161001:72,4.2,4.622222222222223,3,5.4
161018:14,4.6,4.266666666666667,3.3,5.8
161045:13,5,5.777777777777778,3.5975,6.202499999999998
161106:35,5.6,1.5999999999999999,4.8,6.3
161183:38,4.1,3.433333333333334,3.1,5.2
161185:14,2.9,3.6555555555555554,1.9,4.1
161281:21,4.9,4.1000000000000005,3.6,6
161373:22,5.8,1.7333333333333334,5,6.5
161396:28,4.5,2.5,3.6,5.4
161487:13,3,4.666666666666667,1.8,4.3
161619:23,2.3,2.4555555555555553,1.4,3.3
161653:6,5,3.5555555555555554,3.9,6.1
161668:20,5,1.1111111111111112,4.4,5.6
162002:32,4.1,2.9888888888888894,3.1,5.102499999999997
16209:29,2.2,1.9555555555555553,1.4,3
16212:24,2.6,4.48888888888889,1.5,3.9
16220:4,5.9,3.877777777777778,4.6,6.9
162249:54,4.8,3.9555555555555557,3.6,5.9
162314:57,2.1,5.433333333333334,1,3.6
163122:31,4,5.111111111111111,2.6975000000000002,5.3024999999999975
16318:47,4.2,3.7333333333333334,3,5.3
163188:16,2.6,2.4888888888888894,1.6975000000000002,3.6
16319:19,3.8,4.622222222222223,2.5,5.1
163234:34,5.5,2.0555555555555554,4.6,6.3
163289:195,2.4,2.933333333333334,1.5,3.6
163367:85,1.6,1.5999999999999999,1,2.5
163414:55,3.6,3.6000000000000005,2.6,4.7
16349:60,5.4,3.3777777777777778,4.2,6.4
163528:86,3.8,5.511111111111111,2.5,5.2
163703:15,5.3,4.011111111111111,4.1,6.4
1638:23,3.3,4.677777777777777,2,4.6
164038:17,2.1,2.1,1.3,3
164050:47,3.5,5.166666666666667,2.2975000000000003,4.9
164073:37,2.8,4.3999999999999995,1.7,4.1
164075:14,2.6,2.2666666666666666,1.7,3.5
164091:22,3.8,6.4,2.4,5.3
164095:28,3.4,4.711111111111112,2.2,4.6
164110:55,3.6,4.266666666666667,2.4,4.9
16415:5,4.5,5.166666666666667,3.2,5.8
164185:22,3.2,4.4,2.1,4.5
164259:34,3.8,5.288888888888888,2.5,5.2
164345:22,6,3.3333333333333335,4.8975,6.8
164352:16,4.4,4.711111111111112,3.1,5.6
164368:12,5,2.888888888888889,3.8,5.9
164404:48,5.4,2.711111111111111,4.4,6.3
16456:40,2.8,3.0666666666666664,1.8,3.8
164770:133,4.6,1.3777777777777775,3.9,5.2
164858:59,4.2,3.7333333333333334,3.1,5.202499999999998
164949:21,2.9,2.5444444444444443,2,3.8
165280:27,4.3,5.344444444444445,2.9,5.6
165513:41,5.4,2.0444444444444443,4.5,6.2
165687:30,4.8,3.7333333333333325,3.6975000000000002,5.9
16570:13,5,2.6666666666666665,4,5.9
165750:14,3.5,2.9444444444444446,2.5,4.5
165858:16,5,2,4,5.8
16608:27,3.5,4.722222222222222,2.3,4.7
166085:182,4.7,3.566666666666667,3.6,5.8
166169:26,5.2,3.0666666666666664,3.9,6.1
166177:13,5.5,3.8333333333333335,4.2,6.5
16640:26,5.5,2.5,4.5,6.3
166453:10,2.8,3.7333333333333334,1.8,4.002499999999998
166634:38,1.9,1.2111111111111112,1.3,2.6
166762:101,5.2,1.7333333333333338,4.4,5.9
166774:13,3.9,2.766666666666667,3,5
166799:28,5.6,3.1555555555555554,4.5,6.5
166806:63,2.9,3.433333333333333,1.9,4.1
166817:15,3,3.3333333333333335,2,4.1
166876:51,3.6,3.3777777777777778,2.6,4.602499999999997
166903:55,5.2,1.9555555555555557,4.4,5.9
166971:48,4.3,4.677777777777778,3,5.6
167015:43,3.7,3.1222222222222227,2.6,4.7
167037:72,4.1,4.322222222222222,3,5.3
167299:10,3,4,1.9,4.2
167359:42,4.9,4.544444444444444,3.6975000000000002,6.1
168216:15,4,2.6666666666666665,3,5
168217:7,2.2,3.955555555555555,1.2925000000000004,3.5
168218:13,4.3,3.7888888888888883,3.2,5.4
168236:157,3.8,3.7333333333333334,2.6975000000000002,4.9
168555:17,3.6,4.48888888888889,2.4,4.8
168569:28,5.4,3.1555555555555554,4.3,6.4
168576:39,5.7,2.677777777777778,4.7,6.502499999999998
1686:32,3.9,2.544444444444445,2.9,4.8
168606:48,3.7,3.7888888888888896,2.6,4.9
168607:32,3.3,2.2333333333333334,2.5,4.2
168823:14,3.8,3.0666666666666664,2.8,4.8
168976:57,4.6,3.822222222222222,3.4,5.7
168977:55,5.2,3.511111111111111,4.1,6.2
168982:36,4.9,4.1,3.6975000000000002,6
168991:40,4.9,2.7666666666666666,3.9,5.8
169024:29,2.1,2.1000000000000005,1.3,3
169028:53,3.2,3.066666666666667,2.2,4.2
169366:50,5.3,2.2333333333333334,4.4,6.1
169714:12,3,4.444444444444445,1.8,4.3
169818:78,4,3.0526315789473686,3.3,4.751249999999999
169856:19,4.9,2.322222222222222,3.9,5.7
169857:78,3.2,4.844444444444444,2,4.5
169890:62,5.1,2.5444444444444456,3.9975,5.9
169898:50,3.7,3.788888888888889,2.6,4.8
169902:90,4.9,2.5444444444444447,3.9975,5.7
169939:81,4.7,4.011111111111111,3.5,5.9
170022:25,4.5,5.166666666666667,3.3,5.8
17008:76,4.7,5.344444444444444,3.3,6.1
170188:13,4.7,4.011111111111111,3.5,5.8
170188:22,4.2,7.066666666666667,2.5,5.7
170740:34,3.1,3.211111111111111,2.1,4.2
170859:54,3.4,5.155555555555555,2.1,4.7
170937:25,6,2.2222222222222223,5.1,6.8
171124:6,4.1,3.433333333333333,3,5.2
171199:29,2.8,3.511111111111111,1.8,4
171282:63,4,4.888888888888889,2.7,5.2
171283:17,4,4,2.8,5.1
171283:28,6.1,1.211111111111111,5.5,6.7
171296:110,4.5,3.611111111111111,3.3975,5.5
171344:39,3.2,4.4,2,4.5
171678:13,3.2,3.7333333333333334,2.2,4.4
171692:24,3.1,4.322222222222222,2,4.4
171693:31,3.7,3.566666666666666,2.6,4.9
171919:12,2.8,3.9555555555555557,1.7,4.1
171919:19,1.8,2.1777777777777785,1,2.8
171931:87,4.3,3.7888888888888896,3.1,5.3
171967:54,5.1,1.6555555555555554,4.4,5.9
171972:37,4.3,3.7888888888888883,3.3,5.5
172002:14,4.1,2.3222222222222224,3.2,5
172225:11,4.4,3.1555555555555554,3.3,5.4
172264:114,4.9,2.1,4,5.7
172589:128,3.8,4.177777777777777,2.7,4.9
172629:33,3.6,3.1555555555555554,2.5975,4.6
172656:9,5,4.666666666666667,3.6,6.2
173289:7,5.9,2.322222222222222,4.9,6.6
173724:18,6.2,1.5111111111111108,5.5,6.9
173813:37,3.6,3.3777777777777778,2.5,4.7
174160:14,5.4,2.0444444444444443,4.6,6.2
174196:39,3.7,4.011111111111111,2.5,4.8024999999999975
174455:135,4.1,2.322222222222223,3.2,4.9
174570:7,4.95,3.418421052631579,4.1,5.7
174581:22,4.1,3.6555555555555554,3,5.3
174864:19,3.3,2.9000000000000004,2.3,4.3
174932:42,5.4,2.0444444444444443,4.4,6.2
175399:7,4.7,2.011111111111111,3.8,5.5
17546:43,4.9,4.322222222222222,3.7,6.002499999999998
175669:10,5.5,1.8333333333333333,4.7,6.2
175702:23,5.4,2.2666666666666666,4.5,6.3
175724:80,4.6,3.5999999999999996,3.5,5.7
176211:25,3.6,5.377777777777776,2.3,5
176324:16,3.1,5.877777777777778,1.8,4.6
176346:16,3.2,1.7333333333333334,2.5,4
176346:41,3.5,3.1666666666666665,2.5,4.6
176628:53,4.1,2.544444444444445,3.2,5
176651:43,5.7,0.8999999999999999,5.1,6.2
176780:98,3.8,5.066666666666666,2.5,5.2
176908:22,3.2,6.177777777777779,1.8,4.7
176952:43,3.3,3.788888888888889,2.2,4.5
176960:92,4.3,4.455555555555556,3.1,5.5
177013:13,4.3,3.7888888888888883,3.2975000000000003,5.4
177102:83,3.6,4.48888888888889,2.4,4.8
177105:58,4.2,2.6222222222222222,3.2,5.1
17721:21,3.3,4.455555555555556,2.1,4.6
177328:13,3.2,4.622222222222224,2,4.5
177474:15,4.5,2.5,3.5,5.5
177493:13,3.1,2.7263157894736842,2.4,3.8
18087:40,5.3,4.677777777777778,3.9975,6.402499999999998
18285:38,2.5,2.7222222222222223,1.6,3.5
18335:127,3.7,2.9000000000000004,2.6,4.6
1843:22,4,3.5555555555555554,2.9,5
18479:6,4.8,3.511111111111111,3.7,5.8
18547:110,4.2,5.733333333333335,2.7,5.5
18660:24,5.9,1.4333333333333333,5.2,6.6
19045:21,5.25,3.039473684210526,4.45,5.95
19161:75,4.3,4.233333333333333,3.1,5.4
19223:138,3.9,3.877777777777778,2.8,5.1
19284:42,3.5,3.388888888888889,2.4,4.6
19295:81,2.7,2.4555555555555557,1.8,3.7
19360:7,5.2,3.9555555555555557,4,6.3
1939:10,3,3.111111111111111,2,4.1
19474:11,2.3,3.1222222222222222,1.4,3.4
19697:27,5.9,2.5444444444444456,4.9,6.7
19728:11,4.2,3.9555555555555557,3,5.4
19744:12,3.3,3.566666666666667,2.3,4.4
19745:104,3.1,3.877777777777778,2,4.3024999999999975
1988:12,5.2,3.9555555555555557,3.9,6.3
19933:5,5.4,2.488888888888889,4.4,6.3
19999:14,5.9,3.4333333333333345,4.5,6.7
20045:19,3.2,1.7333333333333334,2.5,4.1
2006:5,6.2,0.6222222222222222,5.7,6.6
20142:232,2.5,3.388888888888889,1.6,3.702499999999998
20170:26,4.2,3.511111111111111,3,5.2
20176:47,4.7,2.9000000000000004,3.6,5.602499999999997
20307:42,3.5,4.055555555555555,2.3,4.8024999999999975
20718:26,4.1,3.6555555555555563,3,5.1
20722:22,4.7,4.8999999999999995,3.4,6
20734:50,3.4,4.933333333333334,2.1975000000000002,4.7
20734:79,5.5,3.388888888888889,4.2975,6.402499999999998
20838:36,4.2,3.066666666666667,3.2,5.2
20839:32,5.4,2.0444444444444443,4.5,6.2
2100:38,3.1,1.2111111111111112,2.5,3.8
21020:14,4.2,4.844444444444445,2.8,5.4
21123:14,5,2.2222222222222223,4.1,5.9
2180:39,5.8,0.6222222222222222,5.3,6.2
2199:135,4.6,4.48888888888889,3.3,5.9
22018:5,5.4,2.711111111111111,4.4,6.3
22419:43,3.2,4.4,2,4.4
22630:77,5.1,4.322222222222223,3.9,6.2
22656:29,3,2.4444444444444446,2.1,4
22657:23,3.9,6.544444444444445,2.4975,5.4
22696:54,3.8,4.3999999999999995,2.7,5
22799:53,3.3,2.011111111111111,2.5,4.1
22932:13,3.7,3.566666666666667,2.6,4.8
22933:25,3.4,3.155555555555556,2.4,4.4
22992:33,5.3,0.6777777777777777,4.9,5.8
23017:54,3.6,3.3777777777777778,2.5,4.7
2335:27,4.4,3.1555555555555554,3.4,5.4
2345:21,4.1,1.4333333333333331,3.3,4.7
2345:39,3.3,5.122222222222222,2.1,4.8
23510:57,4.1,6.544444444444445,2.7,5.6
23630:11,4.4,3.1555555555555554,3.3,5.4
23634:28,4,6,2.5,5.5
23641:34,4,3.7777777777777777,2.995,5.2
23861:102,3.9,3.2111111111111112,2.8975,4.9
23861:130,3.2,5.511111111111111,1.9,4.7
23951:137,3.5,2.9444444444444446,2.6,4.502499999999998
23994:24,4.6,4.488888888888889,3.4975,5.9
24055:33,4,3.7777777777777777,2.9,5.2
24056:22,4.1,4.98888888888889,2.8,5.4
24192:41,2.7,4.233333333333333,1.6,4
24388:44,3.6,3.599999999999999,2.4,4.7
24418:16,2.1,2.544444444444445,1.2,3.1
24421:47,4,4.666666666666667,2.8,5.2
24421:69,4.7,2.677777777777778,3.7,5.6
24443:14,4.5,3.8333333333333335,3.3,5.6
2454:46,3.6,4.933333333333334,2.4,4.902499999999998
24580:124,4.2,4.177777777777778,3,5.3
24771:51,5.2,4.400000000000001,3.9,6.3
24802:122,3.9,2.3222222222222224,3,4.8
24846:25,3.9,4.322222222222223,2.7,5.2
24959:32,3.8,4.4,2.6,5.1
24962:14,3.5,2.0555555555555554,2.7,4.4
25010:18,3,4,1.9,4.3
25273:85,4.3,5.344444444444445,3,5.6
25479:56,3,3.7777777777777777,2,4.2
25608:31,4.7,4.233333333333334,3.6,5.9
2582:17,3.8,5.288888888888889,2.5975,5.1
26057:49,3.4,3.822222222222223,2.3,4.602499999999997
26291:55,4.4,2.488888888888889,3.4,5.3
26735:64,4.7,4.2333333333333325,3.5,5.702499999999998
26819:29,3.9,3.433333333333334,2.8,5
26977:14,4.8,3.9555555555555557,3.7,5.9
27056:5,5.1,4.322222222222222,3.8,6.3
27147:10,5,4.222222222222222,3.7975000000000003,6.2
2722:7,5.8,1.9555555555555553,4.9,6.6
27330:65,3.9,3.4333333333333336,2.9,5
27507:15,2.6,2.0444444444444443,1.8,3.5
2767:14,4.3,4.677777777777778,3.1,5.4
27683:75,3.8,4.400000000000001,2.5,5.1
27773:13,5.1,3.8777777777777778,3.9,6.2
27780:99,4.6,4.044444444444444,3.2,5.7
27798:15,4.5,2.0555555555555554,3.6,5.2
27799:10,2.7,2.2333333333333334,1.9,3.6
27803:45,3.2,4.177777777777777,2.0975,4.5
27808:28,5.1,2.9888888888888894,4.1,6.1
27864:37,4.8,4.4,3.5,6
28274:4,5.3,3.1222222222222227,4.2,6.3
28335:95,4,3.5555555555555554,2.8975,5.1
28597:28,4,4.222222222222222,2.8,5.2
28711:26,5.1,5.211111111111112,3.6,6.3024999999999975
28734:50,2.3,2.9000000000000004,1.4,3.4
29177:102,2.1,2.1,1.3,3
29177:21,4.5,4.277777777777778,3.2,5.6
29180:50,4,4,2.9,5.1
29208:96,3.2,4.622222222222222,1.9,4.402499999999998
29227:52,3,4.666666666666667,1.9,4.2
29326:35,4,4,2.8,5.1
29385:35,3.1,3.877777777777778,2,4.3
29410:26,3.8,4.844444444444445,2.5975,5
29416:66,5.3,2.2333333333333334,4.3975,6.2
29611:17,3.8,5.066666666666666,2.3975,5.002499999999998
29678:24,3.3,4.011111111111111,2.1,4.5
30001:7,4.5,4.055555555555555,3.3,5.6
30391:26,2,4.666666666666667,1,3.2049999999999956
30391:38,4.6,2.2666666666666666,3.7,5.5
30428:73,4.2,3.955555555555555,3.1,5.4
30438:27,2.9,1.4333333333333333,2.2,3.6
30439:48,3.9,3.8777777777777778,2.8,5.1
30493:38,2.6,2.0444444444444443,1.8,3.5
30504:13,3.5,4.277777777777778,2.3,4.7
30596:33,3,4.444444444444445,1.8,4.2
30872:58,2.4,2.488888888888889,1.6,3.4
30987:12,5.2,3.0666666666666664,4.2,6.2
31080:59,4.6,2.0444444444444443,3.8,5.4
31080:8,1.6,1.5999999999999996,1,2.5
31180:170,4.6,5.155555555555556,3.3,5.9
31180:58,4.3,4.677777777777778,3,5.5
31195:47,5.3,2.233333333333334,4.3,6.1
31254:36,6.1,2.544444444444446,5.1,6.8
31271:110,5.1,2.322222222222222,4.2,6.1
31278:24,2.5,2.9444444444444446,1.7,3.6
31279:10,2.9,2.544444444444445,2,3.9
31317:82,3.7,3.122222222222222,2.7,4.7
31480:39,4.3,2.2333333333333334,3.4,5.2
31489:41,4.8,2.4000000000000004,3.9,5.702499999999998
31533:12,2.4,2.2666666666666666,1.6,3.3024999999999975
31917:13,2.5,0.9444444444444444,1.9975,3
31987:28,3.5,2.7222222222222223,2.5,4.402499999999998
32005:38,3.3,2.9000000000000004,2.3975,4.3
32071:143,3.8,3.511111111111111,2.8,5
3209:48,3.6,3.5999999999999996,2.4,4.7
3226:17,3.6,3.377777777777778,2.4,4.5
32577:19,3.8,5.733333333333333,2.4,5.2
32577:41,3.1,4.1000000000000005,2,4.3
32704:46,2.7,1.788888888888889,1.9,3.5
32809:15,3.7,3.566666666666666,2.6975000000000002,4.7
32931:10,2.5,3.388888888888889,1.5,3.7
32942:10,2.1,0.5444444444444444,1.7,2.5
32953:16,3.6,3.6000000000000005,2.5,4.8
32953:43,3.8,6.177777777777778,2.3,5.3
32957:13,4.2,4.622222222222223,2.9,5.5
3297:34,5.7,2.4555555555555557,4.8,6.6
32977:37,3.4,4.711111111111112,2.2,4.7
32983:19,3.3,2.011111111111111,2.5,4.1
33002:13,2.3,2.233333333333333,1.5,3.2
33143:60,5.5,2.2777777777777777,4.6,6.3
33291:14,3.1,3.6555555555555554,2.1,4.3
33345:49,3.1,2.988888888888889,2.1,4.1
33466:11,4.1,3.1473684210526316,3.35,4.85
3372:16,2.9,3.6555555555555554,1.8,4.1
33859:9,4.5,2.7222222222222223,3.4975,5.402499999999998
34149:38,3.1,3.6555555555555563,2,4.3
34501:47,3,1.3333333333333333,2.3,3.7
35085:21,3.4,2.266666666666667,2.5,4.2
35130:35,3.9,5.211111111111112,2.8,5.202499999999998
35565:48,4.6,2.933333333333333,3.6,5.6
35576:25,3.4,4.71111111111111,2.2,4.7
35674:29,3.8,3.7333333333333334,2.7,4.9
35674:45,4.5,2.9444444444444446,3.4,5.5
362:44,4.8,3.511111111111111,3.7,5.8
36312:38,2.9,2.5444444444444443,2,3.9
36420:35,4.2,3.9555555555555557,3,5.4
36600:32,2.9,4.766666666666666,1.8,4.3
36611:16,5.7,2.4555555555555553,4.7975,6.502499999999998
36612:7,3.7,6.233333333333333,2.2,5.1
36613:5,4.4,4.933333333333334,3.1975000000000002,5.7
36621:7,4.6,2.711111111111111,3.6,5.5
36737:8,5.9,2.3222222222222233,4.9,6.7
36918:34,4.3,5.566666666666666,2.9,5.602499999999997
37224:9,5,2.6666666666666665,4.1,5.9
37263:24,4.4,4.2666666666666675,3.2,5.6
37283:73,4.2,5.28888888888889,2.8975,5.5
37349:44,5.3,2.9000000000000004,4.3,6.2
37616:97,4.6,3.822222222222222,3.3975,5.8
37768:13,2.8,2.177777777777778,1.9975,3.6
37846:61,3.9,2.766666666666667,3,4.9
3798:43,3.2,3.066666666666667,2.2,4.3
38055:13,3.8,3.511111111111111,2.6,4.8
38063:54,3.5,4.722222222222222,2.3,4.9
38581:37,5.1,4.544444444444443,3.8,6.4
38592:10,5.8,0.8444444444444444,5.3,6.3
38641:36,5.1,3.6555555555555563,3.9,6.1
38641:72,4.5,2.0555555555555554,3.6,5.3
38651:29,3.8,3.9555555555555557,2.6,4.902499999999998
3878:16,2.9,3.6555555555555554,1.9,4.1
38792:27,3.4,4.933333333333334,2.1975000000000002,4.6
38844:23,4.15,3.1868421052631577,3.4,4.9
38898:13,4.3,3.3444444444444437,3.2,5.4
38919:40,2.3,1.3444444444444443,1.7,3
38927:18,3.2,2.8444444444444446,2.2975000000000003,4.2
38936:13,2.9,5.655555555555556,1.6,4.3
38947:33,4,2.888888888888889,3,5
38978:27,3.5,3.611111111111111,2.4,4.6
38991:16,2.4,4.2666666666666675,1.4,3.7
39025:60,4.5,5.611111111111111,3,5.8
39035:20,3.7,3.3444444444444446,2.7,4.8
39049:23,3.2,3.066666666666667,2.2,4.3
39130:54,4.4,4.933333333333334,3.1,5.602499999999997
39190:38,4.6,4.2666666666666675,3.3,5.702499999999998
39408:26,2.9,3.4333333333333336,1.9,4
39625:37,3.3,3.3444444444444446,2.2,4.4
39653:15,2.9,3.4333333333333336,1.9,4.1
39753:27,4.8,3.0666666666666664,3.8,5.8
39986:52,3.2,3.511111111111111,2.1,4.3
4008:21,4.8,2.8444444444444446,3.8,5.702499999999998
40634:72,1.9,4.1,1,3.4
40694:58,2.7,4.9,1.5,4.1
40705:25,3.2,4.622222222222223,2,4.502499999999998
40951:7,4.9,5.433333333333334,3.5,6.2
41388:61,4.3,4.2333333333333325,3.0975,5.6
41566:22,4.2,4.844444444444445,2.9,5.402499999999998
41573:26,4.6,1.3777777777777775,3.9,5.3
41717:66,5.8,1.511111111111111,5,6.5
42132:18,5.4,3.3777777777777778,4.1,6.3
42149:6,5.3,1.5666666666666667,4.5975,6
42183:38,1.5,0.9444444444444444,1.1,2.1
42470:35,2.9,5.655555555555556,1.6,4.3
42623:15,5.7,2.011111111111111,4.8,6.5
42645:119,5.4,1.3777777777777775,4.8,6.1
42653:25,2.4,5.6000000000000005,1.3,4
43046:79,3.4,3.377777777777778,2.4,4.5
43407:11,4.6,2.488888888888889,3.7,5.6
43559:43,3,2.4444444444444446,2.1,3.9
43642:11,3.8,3.511111111111111,2.6975000000000002,4.9
43673:87,4.5,4.944444444444445,3.1975000000000002,5.702499999999998
43815:11,2.9,1.6555555555555557,2.1,3.6
43837:14,2.8,2.6222222222222227,1.9,3.7
43900:8,6,1.1111111111111112,5.3,6.6
44033:5,5.5,2.2777777777777777,4.4,6.3
44119:16,4.3,5.122222222222223,3,5.6
4457:24,1.9,3.6555555555555554,1,3.2
44694:37,4.6,5.377777777777776,3.2,5.9
4489:44,3.1,1.4333333333333331,2.4,3.8
4490:19,5.4,4.711111111111112,4,6.6
44903:37,2.1,2.544444444444445,1.3,3.1
44939:18,3.1,2.3222222222222224,2.3,4.002499999999998
44952:36,4.9,2.7666666666666675,3.9,5.8
45036:13,3.3,4.455555555555556,2.1,4.6
45067:40,4.4,4.044444444444444,3.3,5.5
45071:17,4.5,6.055555555555555,3.1,5.9
45097:7,5.4,2.933333333333333,4.4,6.4
45110:199,3.5,1.6111111111111112,2.8,4.3
4528:7,5.9,0.7666666666666666,5.3,6.3
4529:7,5.3,2.6777777777777785,4.2,6
456:25,4.6,4.044444444444445,3.4,5.8
45790:32,4.6,3.3777777777777778,3.5,5.7
46132:24,3.8,3.955555555555555,2.7,4.9
46244:16,5.1,3.433333333333334,4,6.002499999999998
46328:7,5.6,0.7111111111111111,5.1,6.1
46373:50,3.5,5.611111111111111,2.1,4.9
46441:47,3.8,2.177777777777778,2.9975,4.7
46446:10,3.4,3.155555555555556,2.4,4.5
46609:15,3,3.7777777777777777,1.9975,4.3
46965:16,4.1,3.2111111111111112,2.9,5.2
47147:12,3.6,4.711111111111112,2.2975000000000003,4.8024999999999975
47182:40,1.7,2.2333333333333325,1,2.602499999999998
47226:12,3.5,4.277777777777778,2.4,4.7
47262:53,2.2,1.0666666666666667,1.6,2.8
47270:33,4.7,2.677777777777777,3.7,5.502499999999998
47420:60,3.9,3.2111111111111112,3,5
47430:120,4.4,3.5999999999999996,3.3,5.4
47593:18,2.7,4.455555555555557,1.5975000000000001,3.9
47855:7,5.8,1.9555555555555557,4.9,6.5
47856:7,4.9,2.9888888888888894,3.8,5.8
4795:25,5.8,3.288888888888889,4.8,6.8
48103:10,3.4,5.155555555555555,2.1,4.8
48532:18,3.5,4.277777777777778,2.3,4.7
48582:11,4.4,2.933333333333333,3.3975,5.3
48706:4,3.6,4.044444444444445,2.5,4.7
49551:24,3.9,3.877777777777778,2.8,5
49875:48,4,1.3333333333333333,3.3,4.7
49908:42,5.2,3.326315789473685,4.45,6
50235:53,4.4,3.5999999999999996,3.2,5.5
50337:29,5.2,6.4,3.6,6.6
50370:29,4.6,3.822222222222222,3.5,5.6
50456:132,3.2,2.6222222222222222,2.3,4.2
50706:31,4.1,4.98888888888889,2.8,5.4
50719:6,6.2,0.6222222222222222,5.8,6.6
50720:6,5.2,1.9555555555555553,4.4,6
51340:81,4.4,4.2666666666666675,3.2,5.5
5140:15,3.3,4.233333333333333,2.1,4.4
5156:27,3.8,4.4,2.6,5
51562:11,4.6,3.3777777777777778,3.5,5.6
51582:32,5.6,0.711111111111111,5,6
51876:10,4.6,5.377777777777778,3.2,5.9
52283:13,5.9,1.4333333333333331,5.1,6.5
52983:20,3.2,4.622222222222222,2,4.7
53223:87,2.7,4.011111111111111,1.6,4
53389:28,4.1,4.1,2.9,5.202499999999998
53598:10,2.8,3.7333333333333325,1.8,4
53602:9,4,4.222222222222222,2.8,5.3
53606:58,3.3,4.011111111111111,2.2,4.4
53610:9,4.2,3.288888888888889,3.1,5.3024999999999975
53626:13,2.7,3.788888888888889,1.7,3.8
5366:34,4.9,3.6555555555555554,3.8,5.9
53690:14,4.5,2.0555555555555554,3.6,5.3024999999999975
53912:14,5.8,1.2888888888888888,5.1,6.4
53913:6,5.5,2.5,4.6,6.3
54017:18,3.3,5.788888888888888,1.9975,4.8
54373:11,4.4,3.1555555555555554,3.3,5.4
54511:40,2.5,2.9444444444444446,1.5975000000000001,3.6
5480:20,4.7,4.455555555555556,3.3,5.8024999999999975
54840:11,4.3,5.566666666666666,3,5.702499999999998
54865:37,2.6,5.377777777777778,1.4,4
55028:10,5.2,2.622222222222222,4.2,6.1
55078:22,2.7,3.7888888888888896,1.7,3.9
55120:15,2.6,1.5999999999999999,1.9,3.4
55159:38,3.8,2.844444444444444,2.8975,4.9
55219:110,4.5,1.6111111111111112,3.8,5.2
55284:85,5.4,3.3777777777777778,4.2,6.3
55311:27,6.2,0.8444444444444444,5.6975,6.7
55386:25,4.6,5.377777777777776,3.3,5.8
55892:50,4.7,6.2333333333333325,3.1,6.2
55919:10,5.8,1.2888888888888892,5.1,6.4
55919:15,4,3.7777777777777777,2.8,5.2
55920:12,3.2,3.9555555555555557,2.0975,4.3
55933:33,2.9,4.7666666666666675,1.7,4.5
55947:53,2.9,2.322222222222222,2,3.7
56003:40,3.9,4.544444444444445,2.6,5.1
56053:54,3.1,5.877777777777778,1.8,4.6
56072:31,3.9,1.8777777777777775,3.1,4.7
56101:53,3.9,3.8777777777777778,2.8,5
56109:69,5.2,1.7333333333333334,4.3975,6
56132:85,2.8,2.8444444444444446,1.9,3.7
56198:25,3.1,3.433333333333333,2.1,4.3
56203:18,4.7,4.455555555555555,3.4,5.902499999999998
56317:78,4.2,4.177777777777778,3,5.3024999999999975
56319:15,4.8,1.9555555555555557,3.8975,5.5
56417:25,2.5,2.0555555555555554,1.7,3.3
56656:83,2.8,3.511111111111111,1.8,4
56683:20,4.7,5.344444444444444,3.3,6
56809:31,3.6,4.933333333333333,2.3,4.9
56842:9,5.6,3.6000000000000005,4.4,6.6
56897:6,4.9,1.8777777777777775,4.0975,5.6
57069:61,5.1,7.21111111111111,3.5,6.5
57403:47,2.7,3.566666666666667,1.6975000000000002,3.9
57643:110,3.7,5.344444444444445,2.4,5
57651:63,4.4,4.711111111111112,3.1,5.7
57861:27,3.8,4.4,2.5,5
57998:87,4.2,4.622222222222223,2.7,5.3024999999999975
58800:5,5.6,3.5999999999999996,4.5,6.6
58962:27,5.8,1.0666666666666669,5.2,6.4
59544:10,6,0.8888888888888888,5.4,6.5
59652:37,3.4,3.822222222222223,2.3,4.6
59895:11,2.6,3.5999999999999996,1.5,3.8
59953:42,4.7,4.2333333333333325,3.6,5.9
60034:130,3.5,3.611111111111111,2.5,4.6
60333:19,3.2,2.4,2.4,4.2
60662:8,4.3,3.3444444444444446,3.1,5.3
60699:26,2.5,2.0555555555555554,1.8,3.4
60926:36,3,3.111111111111111,2,4.2
60960:37,2.7,2.4555555555555553,1.8,3.7
61000:7,5.8,2.6222222222222222,4.8,6.7
61208:34,5.7,3.566666666666667,4.4,6.6
61538:39,2.2,2.622222222222222,1.4,3.3
61752:73,2.3,1.5666666666666667,1.5,3
61917:28,4,5.111111111111111,2.6,5.3
62101:38,4.9,5.211111111111111,3.5,6.1
62192:35,3.6,6.711111111111112,2.2,5.1
62437:24,3.6,4.933333333333334,2.3,4.9
62502:62,4.7,4.011111111111111,3.5,5.9
62581:54,4,1.3333333333333333,3.4,4.7
62647:7,3.9,2.5444444444444447,3,4.8
62690:49,4.5,1.8333333333333333,3.7,5.3
62707:16,5.5,1.1666666666666667,4.9,6.1
62717:78,3.8,3.066666666666667,2.8,4.9
62767:31,3.3,3.1222222222222227,2.4,4.4
62771:99,4.4,3.822222222222222,3.2,5.6
63072:28,2.3,0.4555555555555555,1.9,2.7
63076:40,4.3,2.011111111111111,3.4,5.1
63108:7,5.8,2.6222222222222222,4.7975,6.6
63221:32,5.2,1.5111111111111113,4.5,5.902499999999998
63398:14,4.3,3.3444444444444446,3.1,5.4
63417:44,3.4,4.266666666666667,2.3,4.6
63606:10,5,2,4.1,5.8
63704:23,3.3,3.788888888888889,2.2,4.502499999999998
63816:17,4,4.888888888888889,2.7,5.3
63913:49,3.95,3.418421052631579,3.2,4.8
6395:54,3.6,3.3777777777777778,2.5,4.7
6396:60,4.3,5.344444444444445,2.9,5.7
63963:80,4.9,3.8777777777777778,3.7,6
6397:25,3.7,3.566666666666666,2.6,4.8
6414:31,4.6,4.933333333333334,3.2,5.8
64299:18,2.4,4.266666666666666,1.4,3.8
64564:10,3.5,5.833333333333333,2.1,4.8
64610:17,3.3,3.7888888888888883,2.2,4.502499999999998
64969:22,1.8,1.0666666666666669,1.3,2.4
64969:34,2.9,4.544444444444445,1.8,4.3
65258:45,2.9,3.8777777777777778,1.9,4.1
65357:5,5.3,3.566666666666667,4.1,6.3
65454:12,2.4,1.6,1.7,3.2
65668:54,4.9,5.877777777777776,3.5,6.2
6581:42,4.8,3.288888888888889,3.8,5.8
65910:42,4.2,3.288888888888889,3.1975000000000002,5.2
65927:55,6.4,0.711111111111111,5.9,6.8024999999999975
65989:12,2.2,1.5111111111111113,1.5,2.9
65999:146,5.2,3.9555555555555557,4,6.202499999999998
6607:30,5.4,2.933333333333333,4.4,6.3
66134:57,3.7,2.6777777777777776,2.7,4.6
66483:25,5.1,2.7666666666666666,4.1,6
66700:13,5.7,2.677777777777778,4.6,6.6
66700:68,5.6,2.2666666666666666,4.6,6.3
66757:23,5.3,2.9000000000000004,4.2,6.2
66763:14,5.4,2.2666666666666666,4.5,6.2
66765:5,5,3.5555555555555554,3.8,6
6686:28,3.5,3.611111111111111,2.5,4.6
6686:61,2.8,1.7333333333333332,2.1,3.6
67111:45,4.3,3.3444444444444446,3.2,5.3
67111:87,5.3,3.788888888888889,4.1,6.3
6720:24,3.6,2.933333333333333,2.6,4.6
67466:21,4,4.666666666666667,2.8,5.2
67607:18,4,5.777777777777778,2.5,5.4
67780:49,4.6,3.822222222222222,3.4,5.7
67949:38,3.8,4.844444444444445,2.4975,5.1
68658:113,5,2.2222222222222223,4.2,5.9
68658:19,5.2,2.844444444444445,4.2,6.1
68757:42,3.9,3.2111111111111112,2.8975,4.9
69408:35,3.4,3.6000000000000005,2.3,4.5
69672:11,3.2,1.9555555555555557,2.3,4
69673:14,4.8,3.9555555555555557,3.7,5.9
69750:37,4.4,5.155555555555556,3,5.7
70123:18,2.1,1.655555555555556,1.4,2.9
7017:34,4.6,3.822222222222222,3.4,5.602499999999997
70200:18,2.9,3.8777777777777778,1.9,4.102499999999997
70357:25,3.9,2.9888888888888894,2.9,4.9
70612:21,5.6,1.822222222222222,4.8,6.4
70670:14,2.6,4.2666666666666675,1.5,4
70703:18,4.6,3.822222222222222,3.4,5.7
70851:34,3.6,1.8222222222222224,2.8,4.4
7091:13,4,4.222222222222222,2.8,5.3
70974:78,3.2,3.7333333333333334,2,4.3024999999999975
7100:11,4.2,2.8444444444444446,3.3,5.2
71046:43,6,2.4444444444444446,4.9,6.8
71184:87,3.1,3.8777777777777778,2,4.4
71201:52,4.4,3.822222222222222,3.3,5.5
71222:34,4.1,5.211111111111111,2.8,5.4
71287:32,5.1,2.544444444444445,4.2,6
71321:4,6.1,0.9888888888888887,5.5,6.6
71322:37,5.9,1.211111111111111,5.2,6.5
71540:47,3.7,5.566666666666667,2.3,5
71600:26,2.5,2.2777777777777777,1.6,3.4024999999999976
71923:14,3.4,3.155555555555556,2.4,4.5
71923:26,1.4,1.6,1,2.2
72079:13,5,3.7777777777777777,3.8975,6.1
72090:7,5.5,3.1666666666666665,4.4,6.4
72128:34,4.7,6.8999999999999995,3.1,6.2
72160:27,3.6,3.3777777777777778,2.5,4.7
72387:13,4,2,3.2,4.8
72420:95,6,2.2222222222222223,4.9,6.7
72488:43,4.8,3.288888888888889,3.7,5.8
72554:39,3.2,2.6222222222222222,2.2,4.2
72579:15,3.7,5.122222222222224,2.3975,5.002499999999998
7265:10,4.2,3.5111111111111115,3.1,5.3
7267:12,3.7,0.8999999999999999,3.1,4.2
72763:7,4.8,2.8444444444444446,3.8,5.702499999999998
7282:17,3,3.3333333333333335,2,4.2
72832:14,3.6,2.933333333333334,2.6,4.6
7285:11,3,2.4444444444444446,2.1,3.9
73140:10,5.6,1.1555555555555557,5,6.3
73173:67,5.5,3.388888888888889,4.4,6.4
73491:25,5.3,2.677777777777778,4.3,6.2
73538:38,5.3,4.011111111111111,4,6.4
7361:10,3.9,2.9888888888888894,2.9,4.9
73755:84,4.9,3.2111111111111112,3.8,5.8
74032:16,2.4,3.822222222222222,1.3,3.7
74155:5,5.5,1.3888888888888888,4.8,6.2
74234:44,3.4,3.1555555555555554,2.4,4.3024999999999975
74301:11,3.3,1.7888888888888888,2.5,4.1
74324:8,4.3,6.233333333333333,2.7,5.6
74341:4,3.8,3.7333333333333334,2.7,4.902499999999998
74537:12,2.4,1.6000000000000003,1.7,3.2
74560:83,4.2,3.511111111111111,3.1,5.2
74568:22,2.8,3.9555555555555557,1.7,4.1
74580:17,2.6,2.0444444444444447,1.7,3.4024999999999976
74608:91,2.2,1.288888888888889,1.5975000000000001,2.9
74649:24,3.1,6.544444444444443,1.7,4.6
74757:171,3.7,4.455555555555556,2.5,4.9
74797:57,1.7,1.3444444444444443,1,2.4
75025:28,4.5,5.388888888888889,3.1,5.8
7526:63,5.1,2.5444444444444443,4.0975,6
75552:115,3,2,2.3,3.9
75571:7,5.2,2.1777777777777776,4.3,6
75949:43,4.5,4.055555555555555,3.3,5.6
76160:21,4.5,2.5,3.6,5.4
76200:18,4,4.444444444444445,2.6975000000000002,5.2
76211:56,2.1,1.655555555555556,1.4,2.9
76223:21,3.6,2.0444444444444443,2.8,4.4
76326:14,4.6,3.5999999999999996,3.5,5.7
76377:93,3.5,2.9444444444444446,2.5,4.5
76785:80,4.3,3.1222222222222222,3.2,5.3
76809:59,2.8,3.0666666666666664,1.8,3.9
77264:6,4.9,2.988888888888889,3.9,5.9
77309:26,3.4,2.711111111111111,2.4,4.4
77358:19,3.2,3.0666666666666664,2.1,4.2
77398:5,5.4,2.2666666666666666,4.4,6.2
77461:30,3.4,4.933333333333334,2.2,4.9
7758:15,3.8,2.4,2.9,4.7
77593:15,5,2.4444444444444446,4.1,5.9
77759:32,3.8,5.066666666666666,2.4,5.1
77843:15,3.1,4.1000000000000005,1.9975,4.3
77852:30,5,2,4.1,5.7
77887:17,4.2,4.177777777777777,3,5.4
77906:47,3.6,4.711111111111112,2.3,4.8
78212:39,5.9,0.9888888888888889,5.3,6.5
78294:14,3.8,3.066666666666667,2.9,4.9
78394:33,4.8,4.177777777777778,3.5,6
78585:7,4.8,2.844444444444444,3.8,5.7
78614:111,5.3,2.4555555555555557,4.4,6.2
78762:25,5.1,2.766666666666667,4.1,6.1
79030:34,4.6,2.711111111111111,3.5,5.4
79355:11,3.2,3.288888888888889,2.2,4.3
79557:42,4.2,4.177777777777777,3,5.4
79761:35,3.8,5.955555555555557,2.3,5.2
79893:26,3.3,4.455555555555556,2.2,4.5
80001:13,4.4,6.044444444444445,2.9,5.8
80218:50,2.9,2.0999999999999996,2.1,3.8
80278:17,5.2,3.066666666666667,4.1,6.1
80299:13,5.4,3.822222222222222,4.2,6.5
80333:17,6.4,0.4888888888888888,6,6.8
80438:40,2.9,2.5444444444444443,2,3.9
80499:4,4.9,4.322222222222222,3.5975,6
80629:13,5.5,3.1666666666666665,4.3,6.402499999999998
80681:23,4.2,4.177777777777778,3.0975,5.4
80692:12,2.6,1.3777777777777778,1.9,3.3
80877:63,2.8,3.0666666666666664,1.8,3.8
81221:70,4.8,1.9555555555555557,3.9,5.6
81720:33,3.1,3.2111111111111112,2.0975,4.3
81802:32,2.8,3.7333333333333334,1.7,3.9
81838:54,4.2,2.4000000000000004,3.2,5.002499999999998
81885:137,2.7,1.788888888888889,2,3.5
81929:47,4.3,3.1222222222222222,3.2,5.2
82021:22,3.5,4.944444444444445,2.2975000000000003,4.9
82295:13,3.3,4.455555555555556,2.1,4.5
82296:18,3.8,4.177777777777778,2.7,5
82503:72,3.1,1.655555555555556,2.5,3.9
82687:34,5.4,2.711111111111111,4.3,6.3
82800:12,2.9,2.988888888888889,1.9,4
83056:37,5.1,3.433333333333333,4,6.2
83198:48,4,3.5555555555555554,2.8,5.1
83449:21,5.9,1.4333333333333331,5.1,6.5
83449:32,5.7,1.788888888888889,4.9,6.4
83450:9,4.8,6.177777777777777,3.3,6.2
83497:27,3.2,5.511111111111111,1.9,4.8
83552:52,5.1,3.877777777777778,4,6.2
83966:23,3.4,2.711111111111111,2.5,4.4
83988:6,5.3,1.5666666666666667,4.6,6
84117:33,2.7,3.1222222222222227,1.7,3.8
84120:11,4,4.222222222222222,2.8,5.2
84152:34,3.3,2.9000000000000004,2.3,4.4
84185:16,4.3,4.455555555555557,2.9,5.5
84205:26,3.3,3.1222222222222227,2.2,4.3
84530:21,3.7,4.233333333333333,2.5,4.9
84633:31,5.2,4.3999999999999995,3.9,6.4
85193:35,4.4,2.933333333333333,3.4,5.5
85235:65,3.8,4.622222222222222,2.5,5.1
85252:8,4.7,1.788888888888889,3.9,5.5
85724:16,5.2,3.511111111111111,4,6.2
85881:104,3,4.888888888888889,1.7,4.4
85965:39,4.4,1.3777777777777775,3.7,5.002499999999998
86088:57,3.1,3.6555555555555554,2.1,4.3
86100:21,2.6,4.48888888888889,1.4,3.8024999999999975
86100:26,2.4,5.155555555555555,1.2,3.9024999999999976
86408:11,5.7,2.011111111111111,4.8,6.4
86451:40,4.2,2.4000000000000004,3.2,5.1
86455:28,4.1,5.655555555555555,2.7,5.5
86489:22,5.1,1.6555555555555554,4.3,5.9
8687:12,4.3,4.011111111111111,3.2,5.5
87128:10,3.6,6.266666666666667,2.2,5.1
87190:11,4.3,4.677777777777777,2.9975,5.6
87240:87,4.5,2.5,3.5975,5.4
87257:107,5.2,2.4000000000000004,4.2975,6
87467:20,4.3,6.233333333333334,2.9,5.7
87654:14,4.9,3.2111111111111117,3.8,5.8024999999999975
87654:69,2.6,6.711111111111113,1,4.2
88001:23,4.6,2.933333333333333,3.5,5.5
88001:41,5.2,2.844444444444444,4.3,6.2
88070:6,4.7,2.677777777777778,3.7,5.602499999999997
8865:47,4,4.222222222222222,2.8,5.2
8865:67,4,3.5555555555555554,3,5.1
8866:65,5.3,1.1222222222222222,4.7,5.9
88662:24,4.8,4.622222222222223,3.4,6
8867:13,3,3.3684210526315788,2.25,3.75
88674:10,3.7,3.3444444444444446,2.6,4.702499999999998
88706:22,3.1,3.8777777777777778,2,4.2
88719:5,5.1,4.766666666666666,3.7,6.3
88772:47,2.2,2.4000000000000004,1.3,3.2
88808:43,4.5,2.0555555555555554,3.6,5.3
8884:22,5.2,3.0666666666666664,4.2,6.2
8885:15,4.2,3.7333333333333334,3,5.2
89068:107,4.6,3.5999999999999996,3.4975,5.8
89180:32,4.7,4.011111111111111,3.4,5.8
89238:15,3.6,3.377777777777778,2.5,4.7
89259:13,5.5,3.611111111111111,4.3,6.6
8930:19,3.5,4.277777777777778,2.3,4.8
89352:11,3.9,4.1000000000000005,2.7,5.1
89437:12,3.1,3.211111111111111,2.1,4.1
89480:63,2.6,3.377777777777778,1.5,3.7
89580:13,5.5,4.055555555555555,4.1975,6.5
90033:32,5,1.3333333333333333,4.3,5.6
90039:83,4.5,4.277777777777778,3.2,5.6
90051:29,2.4,3.155555555555556,1.4,3.4
90144:26,3.2,6.177777777777779,1.8,4.7
90230:11,3.7,5.344444444444445,2.4,5.1
90848:29,4.5,2.9444444444444446,3.5,5.4
90995:20,5.4,2.711111111111111,4.3,6.3
91041:57,3.4,6.488888888888889,1.9,4.9
9106:85,3.9,3.6555555555555563,2.8975,5.1
91119:18,3,2,2.3,3.9
91184:148,5.5,2.0555555555555554,4.5,6.3
91185:45,5.1,2.322222222222222,4.3,6
91286:72,5.3,4.9,4,6.5
91333:59,4.2,5.288888888888889,2.8,5.5
91388:33,3.8,3.7333333333333343,2.6,4.9
91704:14,3.2,3.288888888888889,2.1,4.3
91758:36,3.6,2.933333333333333,2.6,4.6
91758:53,3.6,1.6,2.9,4.4
9196:49,5.2,3.2888888888888896,4.1,6.2
92249:38,2.3,2.2333333333333325,1.5,3.2
92394:53,4.2,2.6222222222222222,3.1975000000000002,5.1
92531:11,4.3,5.122222222222223,3,5.6
92716:8,5.6,0.711111111111111,5.1,6.2
92861:25,3.8,3.9555555555555557,2.7,5
93005:47,3.8,3.9555555555555557,2.6,4.9
93264:4,5.2,1.7333333333333334,4.4,5.9
93477:92,2.6,5.155555555555556,1.4,4.1
93765:12,3.3,3.566666666666667,2.1,4.4
94182:13,3.2,5.288888888888889,1.9,4.5
94280:31,4.2,2.622222222222222,3.2,5.1
94526:45,4.9,3.2111111111111117,3.8,5.9
9455:69,4.6,6.266666666666667,3.1,6.1
94633:27,5,2.888888888888889,4,6
94747:14,4.8,4.3999999999999995,3.5,5.9
94780:11,5.8,1.7333333333333334,5,6.5
94784:6,3.9,5.877777777777778,2.6,5.2
9486:4,5.7,3.566666666666667,4.4975000000000005,6.602499999999997
94976:130,3.8,3.2888888888888888,2.8,4.8024999999999975
9501:60,4.3,4.9,3,5.6
9507:75,3.9,3.4333333333333336,2.6975000000000002,5
95199:151,2.8,1.9555555555555557,1.9,3.6
9524:43,3.6,3.094736842105263,2.85,4.3512499999999985
95345:10,4.2,4.177777777777778,3,5.3
95400:23,3.4,4.044444444444444,2.2,4.7
95535:14,4.8,2.622222222222222,3.8,5.7
95586:13,3.4,5.377777777777776,2.1,4.8024999999999975
95645:100,4.8,1.7333333333333334,4,5.6
95645:41,4,6.888888888888889,2.4,5.402499999999998
95651:89,6.2,1.0666666666666669,5.5,6.7
9573:19,6.2,0.6222222222222222,5.7,6.6
95804:23,2.3,3.1222222222222222,1.4,3.4
95835:35,3.2,3.511111111111111,2.2,4.4
9584:73,5.8,2.1777777777777776,4.8,6.5
95853:38,4.7,2.9000000000000004,3.7975000000000003,5.8
96034:46,4.7,2.9,3.7,5.7
96042:48,5,6,3.6,6.4
9608:21,3.5,4.055555555555555,2.3,4.7
96261:16,2.4,2.0444444444444447,1.7,3.3
96656:11,4.9,3.433333333333333,3.7975000000000003,5.9
96724:27,4,5.555555555555555,2.5,5.3
96743:132,3.8,4.844444444444445,2.6,5.1
96775:40,4.6,5.377777777777777,3.2,5.902499999999998
96866:33,4.9,2.988888888888889,3.8,5.8
96870:36,5.2,2.4000000000000004,4.3,6.1
96882:42,3.4,5.377777777777777,2.1,4.702499999999998
96886:11,4.8,5.288888888888888,3.5,6.1
97004:103,2.9,4.766666666666667,1.7,4.2
97106:13,4.1,3.6555555555555563,3,5.2
97106:20,4.8,4.844444444444445,3.5,6
97229:18,3.9,4.1000000000000005,2.8,5.1
97320:78,3.6,7.155555555555555,2,5.3
97543:11,3.9,3.877777777777778,2.7,5
97584:19,2.7,2.6777777777777785,1.7975,3.7
9762:24,2,4.444444444444445,1,3.5
97813:26,3.45,3.1026315789473684,2.75,4.25
9797:33,5.8,3.5111111111111115,4.5,6.7
97989:5,4.7,3.566666666666667,3.4,5.7
98248:22,4.5,3.1666666666666665,3.5,5.5
98822:22,5,3.7777777777777777,3.8,6
98932:25,3.2,4.177777777777777,2.1,4.3
98969:36,3.8,3.955555555555555,2.6,5
98986:4,5.5,3.611111111111111,4.3975,6.5
99158:38,5.4,2.488888888888889,4.5,6.4
99170:29,5.5,2.9444444444444446,4.4,6.4
99236:8,5.8,2.8444444444444446,4.8,6.7
99247:72,5.2,1.7333333333333334,4.4,6
99256:22,4.3,2.011111111111111,3.5,5.1
99256:38,5,2.888888888888889,4,5.9
99291:5,5.2,2.8444444444444446,4.1,6
99355:10,4.6,2.266666666666667,3.7,5.5
99356:32,2.9,6.544444444444444,1.5,4.4
99608:4,5.3,2.011111111111111,4.5,6.1
99637:89,2.7,3.5666666666666678,1.7,4
99651:29,2.6,2.488888888888889,1.7,3.6
9967:56,3.3,4.455555555555555,2.2,4.602499999999997
9970:53,4.4,2.933333333333333,3.3975,5.4
99831:29,2,2.2222222222222223,1.3975000000000002,3
99947:44,2.6,4.2666666666666675,1.5,3.9
99956:17,6.2,1.0666666666666667,5.5,6.8
