Item_ID	original_mean	predicted	label
100571:7	5.9	4.983691930770874	eval
100603:25	3.0	2.6741976737976074	eval
100784:45	3.7	3.9423149824142456	eval
100820:27	3.9	4.010458469390869	eval
100975:27	3.0	4.190203666687012	eval
101121:88	3.2	3.289106786251068	eval
102998:7	4.1	3.629640221595764	eval
103644:84	6.3	5.129895567893982	eval
103788:26	6.4	5.49559760093689	eval
103868:139	5.0	5.139709234237671	eval
103911:47	4.7	4.975582718849182	eval
104196:61	3.2	4.661218166351318	eval
104342:23	4.6	3.651684045791626	eval
105896:51	2.3	4.265756845474243	eval
106619:25	3.5	3.6612573862075806	eval
106658:65	3.1	3.4647727012634277	eval
107258:36	2.6	3.9069502353668213	eval
108349:80	5.6	4.516634941101074	eval
108807:56	5.0	4.908752083778381	eval
108856:73	5.4	5.761608362197876	eval
10895:45	2.7	3.23763769865036	eval
108975:9	3.4	3.7644516229629517	eval
109269:7	5.6	4.578014254570007	eval
109394:16	6.0	5.505013585090637	eval
110359:35	4.5	4.171438932418823	eval
110398:27	3.2	3.1278443336486816	eval
110628:20	2.3	2.52966845035553	eval
111407:85	3.7	3.547317862510681	eval
111758:13	2.9	3.1729326248168945	eval
112058:22	5.1	5.6701353788375854	eval
112156:136	5.2	4.51723575592041	eval
112290:7	4.1	5.138867020606995	eval
112637:73	3.8	3.7637563943862915	eval
113277:12	2.7	1.8450778722763062	eval
11328:16	2.0	2.6921951174736023	eval
113475:14	4.2	2.8467066287994385	eval
113850:63	2.3	4.75662899017334	eval
113957:66	2.9	4.219666123390198	eval
114255:29	2.5	2.849285840988159	eval
116940:96	2.2	3.4236133098602295	eval
117330:23	4.8	4.165963292121887	eval
1177:17	5.6	5.5611279010772705	eval
118734:78	6.0	3.1349611282348633	eval
118769:33	3.1	3.387747883796692	eval
118955:17	5.0	5.683445930480957	eval
119144:63	3.3	3.8362618684768677	eval
120517:9	4.7	5.837785601615906	eval
120747:13	2.0	2.1616604328155518	eval
120922:61	3.9	2.9033384323120117	eval
12111:78	2.5	3.674300789833069	eval
121757:115	1.5	2.488671064376831	eval
121793:56	1.9	2.9640876054763794	eval
12194:43	1.8	2.2682264745235443	eval
122792:22	2.4	3.368157386779785	eval
122893:11	2.4	2.8917115926742554	eval
123034:17	3.8	4.605480790138245	eval
123714:38	1.9	2.3722102642059326	eval
123812:31	4.3	3.3005297780036926	eval
12611:177	2.3	3.8891804218292236	eval
126455:10	4.4	5.0425660610198975	eval
126460:28	5.4	5.297039747238159	eval
126761:25	5.3	5.391713500022888	eval
127169:7	5.2	5.101565361022949	eval
127456:31	5.3	4.76021134853363	eval
128104:24	3.9	3.6494771242141724	eval
128489:17	3.6	3.1296748518943787	eval
128696:11	3.6	4.150866389274597	eval
129083:10	3.0	2.684485912322998	eval
129171:26	3.4	3.675992012023926	eval
129179:18	3.5	3.267789304256439	eval
130087:11	3.8	4.9569467306137085	eval
13087:15	4.4	3.8396289348602295	eval
130958:7	5.6	6.041595220565796	eval
131277:37	2.5	2.740453600883484	eval
131278:6	4.0	4.723878502845764	eval
132933:57	5.2	4.231716752052307	eval
13296:18	6.0	5.200222730636597	eval
133013:23	2.2	1.9114460945129395	eval
133358:40	4.0	4.636381268501282	eval
13347:160	4.2	2.134191483259201	eval
134021:50	6.2	4.521516561508179	eval
134101:49	2.8	3.352430522441864	eval
13424:16	5.2	4.688673615455627	eval
13424:44	4.6	4.811513781547546	eval
134301:16	3.1	2.8931113481521606	eval
134479:41	4.6	4.023980736732483	eval
135035:25	2.2	3.4408609867095947	eval
135381:35	5.2	4.647439479827881	eval
135453:35	5.2	5.750971078872681	eval
136126:11	3.1	2.9236377477645874	eval
136180:24	5.8	3.3913828134536743	eval
136292:43	4.1	5.223816156387329	eval
138141:9	2.6	3.2782121896743774	eval
138154:56	1.6	2.33819779753685	eval
138155:36	1.9	2.0622850358486176	eval
138340:30	4.4	3.6196924448013306	eval
138873:64	2.4	2.3031668066978455	eval
139654:36	2.9	3.6229822635650635	eval
139682:16	2.6	4.258759498596191	eval
140052:14	3.1	2.449398159980774	eval
140815:71	4.7	4.005307912826538	eval
141004:32	3.8	4.3827526569366455	eval
141886:24	4.3	4.110060691833496	eval
142141:14	3.4	4.212605118751526	eval
142499:11	3.4	3.5985172986984253	eval
142849:33	2.1	2.624733805656433	eval
143578:37	5.3	3.2254191637039185	eval
144511:39	5.8	4.933210611343384	eval
145433:59	4.1	2.3988760709762573	eval
145692:12	4.0	4.346611499786377	eval
145945:125	2.9	4.919195890426636	eval
146225:40	2.9	2.529284715652466	eval
146829:11	4.2	3.735937237739563	eval
14724:29	1.5	1.9962348341941833	eval
147337:25	2.7	2.589052200317383	eval
147477:43	4.5	3.259391129016876	eval
147754:50	3.5	4.689899206161499	eval
148200:15	3.7	3.7257702350616455	eval
14833:77	4.8	4.639381408691406	eval
148355:8	4.6	5.115003943443298	eval
148529:15	4.6	3.745403289794922	eval
148561:14	5.5	5.529864072799683	eval
148889:35	1.9	2.1078749895095825	eval
149148:54	3.6	4.45985472202301	eval
149162:20	5.5	3.9820080995559692	eval
149427:7	4.7	4.464139103889465	eval
149485:72	3.4	3.0426909923553467	eval
149669:184	4.0	3.3076016902923584	eval
14969:33	4.9	4.629142880439758	eval
149736:22	4.1	3.5217514038085938	eval
15021:56	2.6	2.963120222091675	eval
151138:37	4.0	2.6954577565193176	eval
151536:59	2.3	3.5702335834503174	eval
15155:80	2.7	2.779096007347107	eval
152021:55	4.2	4.421358942985535	eval
15261:95	4.0	4.600863456726074	eval
153105:51	1.7	2.9159659147262573	eval
153721:83	4.9	3.8423744440078735	eval
154338:10	6.9	5.527731537818909	eval
155092:75	2.6	3.203447937965393	eval
155148:17	5.0	4.709908843040466	eval
155436:87	2.7	2.653068482875824	eval
155563:20	3.8	4.464630842208862	eval
155741:63	6.1	4.483835816383362	eval
156639:7	5.7	5.6167261600494385	eval
156650:7	6.0	5.916359305381775	eval
156896:23	4.7	5.144800782203674	eval
156938:9	5.9	6.018118739128113	eval
15749:21	4.7	3.764654755592346	eval
157519:107	5.8	5.382333993911743	eval
157961:33	4.3	4.150724768638611	eval
158215:60	2.7	3.2671808004379272	eval
160087:28	2.6	2.330281972885132	eval
160988:9	3.0	3.7449190616607666	eval
160994:25	3.3	3.7555066347122192	eval
161001:72	3.1	2.089510351419449	eval
161183:38	3.7	2.4816481471061707	eval
161281:21	5.2	4.383530139923096	eval
161396:28	3.0	3.864514112472534	eval
161487:13	3.3	2.5284298062324524	eval
162314:57	2.4	3.623880624771118	eval
16319:19	3.9	2.6485975980758667	eval
164075:14	2.1	2.0998324751853943	eval
164185:22	4.3	5.0131676197052	eval
164259:34	5.4	5.152307391166687	eval
164345:22	6.3	5.997449636459351	eval
164352:16	5.9	5.68878710269928	eval
164858:59	4.6	3.9159520864486694	eval
166634:38	2.4	2.642277240753174	eval
166799:28	5.6	5.677254676818848	eval
167037:72	2.4	4.913529634475708	eval
167299:10	3.2	2.5267375111579895	eval
167359:42	6.1	4.451707243919373	eval
168555:17	1.6	4.753849506378174	eval
168569:28	6.2	5.192192554473877	eval
168607:32	3.2	4.763364195823669	eval
168823:14	2.1	4.54985785484314	eval
168977:55	5.0	4.634827017784119	eval
168982:36	5.2	5.188405990600586	eval
169902:90	5.2	5.36096715927124	eval
17008:76	4.4	5.251692533493042	eval
170188:22	4.5	4.29191517829895	eval
170859:54	2.8	4.06706702709198	eval
171124:6	4.4	6.077938079833984	eval
171199:29	3.4	3.817115902900696	eval
171282:63	5.6	5.597619891166687	eval
171972:37	5.9	6.0436787605285645	eval
172589:128	1.9	3.9768389463424683	eval
172629:33	2.2	3.564559817314148	eval
173289:7	4.9	5.833698272705078	eval
173813:37	3.2	2.77799916267395	eval
17546:43	5.7	5.125714540481567	eval
176324:16	2.1	3.9365360736846924	eval
176346:41	3.3	2.753863573074341	eval
176651:43	5.4	4.26610803604126	eval
176908:22	2.8	1.9984729588031769	eval
177013:13	2.4	3.5951101779937744	eval
17721:21	1.5	2.5899317860603333	eval
177474:15	4.4	3.0716230869293213	eval
1843:22	4.2	4.29435133934021	eval
18479:6	5.9	5.607631683349609	eval
18547:110	2.8	3.5332244634628296	eval
1939:10	3.7	3.1942851543426514	eval
19697:27	5.3	4.531229019165039	eval
19728:11	2.0	3.8399654626846313	eval
19999:14	5.9	4.932974576950073	eval
20170:26	3.1	4.727196216583252	eval
20734:50	2.7	2.909540057182312	eval
20734:79	5.4	2.87251877784729	eval
20839:32	4.9	3.5012078285217285	eval
21020:14	4.7	4.359193563461304	eval
21123:14	4.9	5.5541090965271	eval
22018:5	6.3	6.077061176300049	eval
22419:43	4.2	3.7209404706954956	eval
22630:77	4.2	4.519428014755249	eval
22656:29	3.2	2.555108666419983	eval
22696:54	4.6	4.462510824203491	eval
2335:27	3.8	3.522515654563904	eval
2345:39	3.4	4.906381368637085	eval
23951:137	4.5	2.125841945409775	eval
24421:47	1.9	3.904195785522461	eval
24421:69	4.0	3.8416874408721924	eval
24580:124	4.0	4.904332160949707	eval
24846:25	5.4	3.735397219657898	eval
2582:17	4.3	4.923829674720764	eval
26291:55	5.0	3.5803126096725464	eval
26735:64	3.4	3.422488570213318	eval
26819:29	3.5	3.8185675144195557	eval
2722:7	5.4	6.323482513427734	eval
28274:4	5.9	5.27309513092041	eval
28335:95	4.5	5.345856666564941	eval
29180:50	3.7	5.2046966552734375	eval
29326:35	2.7	3.271645963191986	eval
29385:35	2.9	3.2298226356506348	eval
30001:7	4.8	2.8807671070098877	eval
30391:38	4.8	5.1443469524383545	eval
30428:73	4.1	4.57490611076355	eval
30596:33	2.9	3.9019412994384766	eval
31480:39	3.3	4.792502999305725	eval
32071:143	2.0	2.2547051906585693	eval
3209:48	3.6	2.473334103822708	eval
32931:10	3.0	2.4614120423793793	eval
3297:34	6.3	4.994823098182678	eval
32983:19	2.9	3.046856641769409	eval
33345:49	1.9	3.175114333629608	eval
34149:38	2.4	3.1542054414749146	eval
35674:29	3.0	2.3335312008857727	eval
35674:45	5.6	2.268854022026062	eval
36312:38	2.6	3.0616284608840942	eval
36600:32	3.3	2.119435667991638	eval
36612:7	4.7	5.753991603851318	eval
37768:13	2.6	2.612456440925598	eval
3798:43	2.7	3.05561101436615	eval
38651:29	4.0	4.932745695114136	eval
3878:16	2.1	2.6981844902038574	eval
38792:27	3.5	2.6807236671447754	eval
38936:13	3.6	2.5094154477119446	eval
38947:33	2.6	2.116052508354187	eval
38991:16	4.5	4.362282395362854	eval
39049:23	2.2	3.383320450782776	eval
40694:58	2.0	2.0028164386749268	eval
40705:25	1.5	2.9626688957214355	eval
40951:7	5.0	5.405286908149719	eval
42653:25	5.3	5.258531808853149	eval
43673:87	2.9	4.832683205604553	eval
43837:14	3.4	3.6054177284240723	eval
44033:5	5.2	5.950522422790527	eval
45097:7	6.1	5.873670339584351	eval
45110:199	2.4	2.300098717212677	eval
46132:24	5.2	4.020676612854004	eval
46244:16	5.8	4.095899343490601	eval
46373:50	2.4	3.021788716316223	eval
46441:47	3.0	2.50675630569458	eval
46609:15	4.6	5.246972560882568	eval
47262:53	2.3	3.7002227306365967	eval
47420:60	3.6	4.792987942695618	eval
47855:7	6.2	5.525318622589111	eval
50235:53	2.3	4.412148594856262	eval
50370:29	5.7	5.534714579582214	eval
50706:31	4.4	4.579141855239868	eval
50719:6	5.7	5.136207342147827	eval
53606:58	1.8	3.0848077535629272	eval
54017:18	1.8	2.651527464389801	eval
54511:40	2.5	3.181225299835205	eval
5480:20	5.0	4.768272280693054	eval
55078:22	4.2	3.9435209035873413	eval
55284:85	5.6	5.310248374938965	eval
55311:27	5.8	5.279123306274414	eval
55386:25	4.2	4.438696384429932	eval
55919:15	4.0	4.634736180305481	eval
55933:33	1.4	3.1995376348495483	eval
56072:31	3.1	3.9420950412750244	eval
56101:53	3.7	4.14324426651001	eval
56683:20	2.9	4.407898545265198	eval
56809:31	3.8	4.259697914123535	eval
56842:9	6.2	5.41575825214386	eval
57651:63	4.9	3.889318108558655	eval
59652:37	2.7	1.9003029465675354	eval
59953:42	4.5	5.087477684020996	eval
60333:19	2.6	2.743534564971924	eval
60926:36	1.9	2.6025800108909607	eval
61538:39	3.4	1.937560349702835	eval
62437:24	2.3	4.2828593254089355	eval
62707:16	3.1	4.23315691947937	eval
62767:31	3.2	4.284754753112793	eval
63072:28	2.9	2.170479267835617	eval
63076:40	2.6	2.150077134370804	eval
63417:44	3.6	2.6301257610321045	eval
63704:23	2.2	2.015387684106827	eval
63816:17	2.1	2.820466935634613	eval
6414:31	3.7	4.035778880119324	eval
65927:55	5.5	4.8081806898117065	eval
66134:57	4.9	4.301396608352661	eval
66700:68	5.3	6.05894660949707	eval
66757:23	3.7	3.869689702987671	eval
66763:14	5.3	5.6771910190582275	eval
6720:24	3.1	3.8790405988693237	eval
67780:49	3.9	3.818782091140747	eval
68658:19	5.8	5.661515474319458	eval
69408:35	2.2	2.756754994392395	eval
69673:14	5.0	4.396057486534119	eval
70357:25	2.8	2.900988817214966	eval
70612:21	4.4	3.4158976674079895	eval
7091:13	5.5	3.9379422664642334	eval
71201:52	4.3	3.795235514640808	eval
71923:14	3.1	2.6206260919570923	eval
71923:26	2.5	2.6227630972862244	eval
72387:13	5.0	4.236453890800476	eval
72420:95	4.9	4.416021347045898	eval
72488:43	4.3	4.240978956222534	eval
7282:17	3.1	3.3398332595825195	eval
72832:14	3.2	3.916199564933777	eval
73140:10	6.2	5.6182732582092285	eval
73173:67	4.3	4.209593892097473	eval
73491:25	5.2	5.11577033996582	eval
73755:84	4.9	4.53815233707428	eval
74234:44	3.0	3.0494914650917053	eval
74649:24	1.7	2.929286479949951	eval
75571:7	4.4	5.1995460987091064	eval
76160:21	5.2	5.436582922935486	eval
77309:26	3.7	3.3683220744132996	eval
77593:15	5.1	3.9902034997940063	eval
77852:30	4.0	3.9959559440612793	eval
77887:17	5.4	3.7038919925689697	eval
77906:47	1.7	2.9955828189849854	eval
78294:14	2.7	2.3364395201206207	eval
79355:11	1.8	2.9583916664123535	eval
79761:35	3.4	2.797137975692749	eval
79893:26	1.6	3.8584086894989014	eval
80001:13	2.7	3.2906683683395386	eval
80499:4	6.5	5.430271863937378	eval
80681:23	3.5	3.5380939245224	eval
81720:33	1.7	3.473134756088257	eval
81838:54	5.7	5.196144342422485	eval
81885:137	3.8	5.126476287841797	eval
83056:37	4.4	4.2759445905685425	eval
83198:48	3.6	3.53561270236969	eval
83450:9	6.2	4.788056254386902	eval
83497:27	3.4	3.5210973024368286	eval
83552:52	5.9	4.4929420948028564	eval
83988:6	5.5	5.167155742645264	eval
84185:16	1.8	2.493299752473831	eval
84530:21	3.7	3.877128005027771	eval
85235:65	3.5	4.546341300010681	eval
85724:16	5.2	4.417829155921936	eval
85965:39	3.5	3.5181018114089966	eval
8687:12	3.7	2.2237351536750793	eval
87128:10	2.3	2.999982535839081	eval
87257:107	5.5	4.4126060009002686	eval
88001:23	3.4	4.68342399597168	eval
88719:5	5.8	4.205366730690002	eval
88808:43	2.4	3.239659368991852	eval
8885:15	4.5	4.3851158618927	eval
89068:107	3.1	2.44432932138443	eval
89437:12	1.4	3.4398383498191833	eval
89480:63	2.0	1.974705457687378	eval
90039:83	3.2	3.315014600753784	eval
90051:29	2.9	3.60687792301178	eval
90144:26	3.1	3.7864142656326294	eval
91041:57	3.7	3.3843189477920532	eval
91119:18	2.8	2.1269728541374207	eval
91704:14	3.2	4.289599895477295	eval
91758:53	4.4	2.3888689279556274	eval
92249:38	1.7	2.7041304111480713	eval
92531:11	4.8	3.726869583129883	eval
92716:8	5.7	5.467714786529541	eval
93264:4	4.7	5.32899272441864	eval
93765:12	3.0	3.492819666862488	eval
94182:13	3.3	3.6434106826782227	eval
94526:45	5.4	4.226971387863159	eval
94976:130	2.1	3.320825517177582	eval
9507:75	5.5	4.785163402557373	eval
95651:89	5.8	5.520693421363831	eval
9573:19	6.5	5.44450831413269	eval
96034:46	2.7	2.817296028137207	eval
96042:48	4.2	5.119485378265381	eval
9608:21	1.9	2.175736755132675	eval
96656:11	3.4	3.1159260272979736	eval
97106:13	4.3	4.5039108991622925	eval
97320:78	3.0	2.694712996482849	eval
97543:11	5.1	3.915731430053711	eval
97813:26	3.1	2.679697275161743	eval
9797:33	5.8	5.460814714431763	eval
97989:5	4.1	4.377450466156006	eval
98969:36	2.5	4.007236957550049	eval
99356:32	4.4	5.602989673614502	eval
9970:53	4.5	2.9648300409317017	eval
99956:17	6.3	5.354775547981262	eval
100584:49	2.4	2.2804874777793884	train
100889:88	3.9	3.8282781839370728	train
101025:37	2.9	2.8248273134231567	train
101243:85	2.1	1.958648681640625	train
101449:50	4.0	3.9803744554519653	train
101464:11	4.3	4.1590306758880615	train
102005:100	1.5	1.666335105895996	train
102016:6	2.8	2.688146233558655	train
10235:39	3.9	3.894047737121582	train
102431:45	4.3	4.139397978782654	train
102546:21	3.2	3.22454833984375	train
102781:19	4.5	3.922618269920349	train
103194:37	3.6	3.536912679672241	train
103477:18	6.0	5.8693623542785645	train
103563:4	5.2	5.224410891532898	train
103574:12	2.6	2.6526613235473633	train
103624:72	5.4	5.426032543182373	train
103644:40	5.0	5.001871585845947	train
103701:14	2.3	2.283688247203827	train
104230:49	5.2	5.107097864151001	train
104255:44	3.1	3.1089345812797546	train
104694:41	2.5	2.3394376039505005	train
105043:10	3.7	3.5154589414596558	train
105338:42	5.4	5.300758004188538	train
105485:20	3.2	2.996773362159729	train
106267:29	5.0	4.85592794418335	train
106391:27	2.9	2.3330788910388947	train
106437:19	6.7	6.298519015312195	train
106565:53	4.1	3.8335649967193604	train
106691:93	4.2	3.8887054920196533	train
107469:25	5.2	5.134203910827637	train
107709:28	3.5	3.5489343404769897	train
107796:20	5.4	5.25446629524231	train
107802:43	4.8	5.258142709732056	train
107909:42	4.3	4.131896734237671	train
108182:30	4.2	4.391163349151611	train
108182:40	5.0	4.5098443031311035	train
10841:72	3.3	3.0103737711906433	train
108521:93	5.2	5.110093355178833	train
108737:78	4.8	4.81970739364624	train
108744:71	4.9	4.842683553695679	train
108757:10	6.2	5.693067908287048	train
108790:33	4.3	3.886619448661804	train
108790:55	3.5	3.8736350536346436	train
108856:37	5.8	5.74542498588562	train
108972:69	3.2	3.0314067602157593	train
109040:25	3.4	2.612936556339264	train
109067:18	2.9	2.5116454362869263	train
109067:39	2.7	2.534787356853485	train
109067:60	2.3	2.5092450380325317	train
109255:17	5.4	5.409573793411255	train
109644:34	4.9	4.7742486000061035	train
109712:50	2.5	2.3425352871418	train
110384:95	3.7	3.558156132698059	train
11082:15	2.6	2.402658075094223	train
11233:53	3.5	3.3966020345687866	train
112498:14	2.3	1.9623555839061737	train
112844:32	3.6	3.532434105873108	train
112989:20	4.1	4.190569877624512	train
113457:49	3.0	2.882636606693268	train
11353:13	2.3	2.333510994911194	train
113793:23	2.7	2.360734701156616	train
113855:35	4.8	4.419793605804443	train
114202:81	3.7	3.6836352348327637	train
114588:104	6.4	6.0691304206848145	train
114610:10	3.3	3.0517629384994507	train
115343:46	5.5	5.5066200494766235	train
115483:40	4.9	4.855420827865601	train
115490:21	4.1	3.93739116191864	train
115525:57	4.1	3.8379452228546143	train
11568:18	3.1	3.0221638679504395	train
115742:25	4.4	4.481517314910889	train
115916:39	3.0	3.0548757314682007	train
116197:36	3.8	3.6207817792892456	train
116252:35	5.1	5.013554573059082	train
116495:21	1.8	2.4418856501579285	train
116582:15	4.6	4.307448744773865	train
116717:11	3.4	3.3456087708473206	train
117354:63	5.1	5.2557008266448975	train
11767:21	1.9	2.265137016773224	train
117808:33	4.0	4.006257772445679	train
117836:27	2.7	2.7978121042251587	train
118309:83	4.0	3.8016549348831177	train
118753:13	5.5	5.359809875488281	train
119111:78	4.9	4.88442587852478	train
11929:60	4.0	3.7784459590911865	train
119842:10	1.7	1.6892991065979004	train
11991:7	5.5	5.410475373268127	train
11992:7	5.5	5.405839800834656	train
119945:93	1.9	1.9474604725837708	train
120178:18	3.7	3.6939374208450317	train
120254:15	3.8	3.7265652418136597	train
120455:20	3.7	3.6032086610794067	train
120455:28	3.4	3.4649829864501953	train
120456:22	4.0	3.807868003845215	train
1206:10	5.9	5.861449122428894	train
120873:46	3.0	2.961204767227173	train
121023:37	5.1	5.123435020446777	train
121141:6	5.6	5.75084125995636	train
1214:19	5.1	5.091408371925354	train
121569:26	5.6	5.4636993408203125	train
121757:134	3.0	2.475350856781006	train
121757:169	2.8	2.429284632205963	train
121757:84	2.1	2.472031891345978	train
121775:13	2.3	2.2893811464309692	train
121775:50	2.7	2.322542369365692	train
121783:13	1.4	2.3308403193950653	train
121793:107	3.1	3.0128782391548157	train
121941:10	3.4	3.2795443534851074	train
122421:31	3.9	3.952213764190674	train
122706:39	2.6	2.472187638282776	train
123419:8	2.7	2.48405784368515	train
123797:41	3.5	2.9599266052246094	train
123916:50	3.1	3.0668718218803406	train
124385:34	5.5	5.515687704086304	train
124500:45	5.1	5.0285964012146	train
124653:71	5.7	5.566470503807068	train
124760:28	5.2	5.2450478076934814	train
124787:54	1.6	1.7510201334953308	train
125063:17	3.4	3.3137110471725464	train
125651:10	5.4	5.341244697570801	train
125802:14	5.2	5.093747615814209	train
125857:6	4.8	4.6750630140304565	train
125903:18	4.9	4.890344977378845	train
12596:58	2.3	2.3124038875102997	train
126165:57	6.1	5.917020559310913	train
126348:16	5.3	5.285707950592041	train
126604:16	5.0	5.425918102264404	train
126610:15	3.2	3.0506027936935425	train
126632:62	3.7	3.668323040008545	train
126761:30	5.4	5.441620469093323	train
127011:17	5.3	5.431920170783997	train
127350:66	2.0	1.965100735425949	train
127596:32	4.7	4.642900824546814	train
127761:15	1.9	1.7731822431087494	train
127919:39	2.6	2.672796845436096	train
128305:9	2.8	2.854939579963684	train
129004:16	2.4	2.16602224111557	train
129583:26	3.5	3.630902647972107	train
12998:28	5.2	5.178756475448608	train
129990:36	5.8	5.798609256744385	train
130065:25	4.1	3.946177363395691	train
130276:4	6.0	5.685661792755127	train
130514:28	4.7	4.641472101211548	train
13056:42	5.6	5.405399560928345	train
130584:43	2.7	2.497738003730774	train
13059:11	6.8	6.062593698501587	train
130755:109	2.1	2.0659757554531097	train
130776:48	2.6	2.261123538017273	train
130776:68	2.3	2.254576712846756	train
130807:72	5.2	5.191128253936768	train
130994:56	1.7	1.7956232130527496	train
131517:11	5.6	5.62297248840332	train
131523:14	4.5	4.528578281402588	train
131722:36	2.6	2.605315148830414	train
132148:16	3.7	4.074339032173157	train
132402:20	5.9	5.881659746170044	train
132454:18	5.8	5.702795743942261	train
132696:166	2.7	2.5238096117973328	train
132933:5	4.5	4.231314778327942	train
133228:13	3.1	2.9490450620651245	train
13347:26	2.2	2.171668916940689	train
133518:49	3.9	3.9414502382278442	train
134033:13	5.6	5.332763910293579	train
13411:17	6.1	6.030166864395142	train
134169:64	2.7	2.5336937308311462	train
134176:40	4.2	4.430078625679016	train
134176:70	5.0	4.460623264312744	train
134199:41	4.0	3.694306492805481	train
13420:11	3.8	3.6607155799865723	train
134228:135	3.9	3.711000919342041	train
134420:14	2.8	2.8557292222976685	train
134420:23	3.2	2.7800623178482056	train
134426:23	3.6	3.12978732585907	train
134426:32	3.7	3.228190064430237	train
134426:41	3.2	3.0575110912323	train
134426:48	2.5	3.1785978078842163	train
13469:7	5.7	6.162710905075073	train
135016:25	1.6	1.8026760816574097	train
135535:24	5.7	5.602858066558838	train
135551:31	4.9	4.743983268737793	train
136110:19	3.0	2.7869595289230347	train
136135:14	3.7	3.4733046293258667	train
136193:24	3.7	3.6912394762039185	train
136205:15	2.2	2.4506121277809143	train
136383:15	2.1	1.934517741203308	train
136539:14	5.8	5.6346962451934814	train
137317:74	5.2	5.085937023162842	train
137619:16	2.0	2.4274877309799194	train
137794:5	4.2	4.105486273765564	train
138037:56	1.8	1.8743983507156372	train
138142:20	2.7	2.482713431119919	train
138174:28	1.7	1.716724380850792	train
138291:103	3.5	2.986314535140991	train
138291:137	2.9	3.0536504983901978	train
138298:34	4.8	4.718039155006409	train
138349:36	4.0	4.610180377960205	train
138350:6	5.7	5.19781231880188	train
138469:69	4.9	4.878645181655884	train
138703:48	4.9	4.684833407402039	train
138929:40	2.7	2.5682727694511414	train
138943:28	2.6	2.386975735425949	train
139729:13	2.2	2.782843589782715	train
139739:24	1.5	1.6945938766002655	train
13977:49	5.1	4.924270987510681	train
13983:93	1.8	1.8115569651126862	train
139879:19	3.0	2.9516578912734985	train
140196:19	5.1	5.103604555130005	train
140415:37	2.6	2.425560563802719	train
140818:41	4.4	4.617807865142822	train
140818:55	5.0	4.571935653686523	train
140921:16	4.0	3.305949628353119	train
140964:11	3.4	3.22528076171875	train
141287:39	3.7	3.442052960395813	train
141908:36	5.3	4.913473129272461	train
141909:6	4.3	4.183512091636658	train
141921:54	3.5	3.3855245113372803	train
142083:38	4.4	4.917967081069946	train
142083:50	5.5	4.862267971038818	train
142147:41	3.6	3.441298007965088	train
142780:82	1.6	1.6697363704442978	train
142828:81	3.5	3.2268543243408203	train
142965:19	4.2	4.136112451553345	train
143183:27	5.8	5.7832348346710205	train
143543:20	2.4	2.1766014099121094	train
143722:15	5.9	5.861023545265198	train
143752:15	6.2	5.652575850486755	train
144063:31	5.2	5.1791956424713135	train
145009:13	5.2	5.08452582359314	train
145355:18	2.1	2.0043432414531708	train
145369:58	4.4	4.341983079910278	train
145454:30	2.2	2.2511478662490845	train
145536:63	5.6	5.468093156814575	train
145552:67	2.1	2.0709518790245056	train
145722:97	5.6	5.517076015472412	train
145917:27	2.4	2.329599618911743	train
146091:18	3.1	2.520436644554138	train
146198:134	3.3	3.2606533765792847	train
14637:17	4.0	3.968298077583313	train
14653:39	2.8	2.7048842906951904	train
146544:24	3.1	3.0877758860588074	train
146612:75	4.9	4.7705782651901245	train
146618:32	5.8	5.682943105697632	train
146619:59	3.2	2.9699137210845947	train
146662:13	4.5	4.434147000312805	train
146710:44	4.2	4.1616774797439575	train
146901:15	1.7	2.1208541095256805	train
146901:36	3.1	2.333312600851059	train
146950:24	5.2	5.1121461391448975	train
147067:15	5.5	5.424778699874878	train
147083:36	3.7	3.498567819595337	train
147237:51	3.1	2.8900307416915894	train
147291:12	2.3	2.4461032450199127	train
147340:7	6.0	5.783431529998779	train
147582:28	6.0	5.997809052467346	train
147613:4	6.0	5.910033226013184	train
14769:69	3.4	3.320055902004242	train
148130:31	5.0	4.9044530391693115	train
148183:40	3.6	3.410729765892029	train
148372:13	6.6	6.141840815544128	train
148456:26	5.4	5.780591249465942	train
148463:10	5.9	6.022568702697754	train
148538:10	3.7	3.964108467102051	train
149373:69	4.3	4.048054099082947	train
14969:24	4.7	4.539138674736023	train
149748:21	6.0	5.9278481006622314	train
149891:51	3.4	3.298470914363861	train
149904:6	2.4	2.316003680229187	train
15068:10	5.9	5.88870644569397	train
150826:22	5.5	5.471057176589966	train
151077:31	5.5	5.5538623332977295	train
151108:23	5.2	4.999103546142578	train
151303:29	4.1	4.059158086776733	train
151338:21	5.6	5.801655888557434	train
152067:34	1.9	1.8238343298435211	train
152067:55	1.7	1.7486824095249176	train
15216:13	4.4	4.20992112159729	train
152280:24	5.9	5.802956581115723	train
152284:11	6.3	6.241592168807983	train
152359:98	4.6	4.591255068778992	train
15261:29	4.6	4.524336099624634	train
15291:54	4.9	4.750837922096252	train
153227:28	5.4	5.284587144851685	train
15332:88	1.9	1.898042380809784	train
153747:33	5.2	5.0603684186935425	train
153785:23	2.8	2.569214940071106	train
154094:15	6.1	5.886878967285156	train
154517:48	4.8	4.812501907348633	train
154774:35	5.6	5.362774610519409	train
154986:45	2.4	2.2595022320747375	train
155027:11	5.3	5.456080079078674	train
155085:10	2.6	2.4792747497558594	train
155121:37	3.9	3.8405998945236206	train
155201:43	3.0	2.7310765981674194	train
15535:31	2.8	2.5646058320999146	train
155408:25	3.6	3.669762134552002	train
155471:9	5.0	4.833625555038452	train
155521:29	4.6	4.529048562049866	train
155746:10	5.2	4.7218239307403564	train
155962:19	5.2	5.153588056564331	train
156060:102	5.1	5.034610629081726	train
156086:35	4.3	4.372746229171753	train
156465:52	2.3	2.3150127828121185	train
156671:38	5.5	5.426872253417969	train
156697:32	6.1	6.143804550170898	train
157049:37	5.0	5.226659655570984	train
157516:9	4.7	4.747244119644165	train
15755:34	5.3	5.269882917404175	train
157934:65	2.0	2.040769875049591	train
158120:17	5.0	4.961782932281494	train
158188:98	4.9	4.938645839691162	train
158261:43	2.5	2.398297071456909	train
158370:21	1.6	2.170785665512085	train
15843:18	4.3	4.136176824569702	train
158476:38	5.2	5.17527961730957	train
158511:44	3.2	3.007380247116089	train
158550:31	1.9	1.8822347819805145	train
15870:42	4.9	4.782906770706177	train
158966:17	6.0	5.875276803970337	train
15903:5	5.5	5.386900186538696	train
159110:25	5.1	5.1603171825408936	train
159124:81	4.1	4.077967524528503	train
159138:19	4.4	4.344575524330139	train
159146:13	5.0	5.013067126274109	train
159233:9	6.8	6.420818090438843	train
159263:34	4.2	3.961419463157654	train
159281:32	2.2	2.0847960114479065	train
159358:7	4.4	4.3208311796188354	train
159588:39	6.0	5.861459851264954	train
159592:14	5.8	5.687768220901489	train
160087:35	2.5	2.246856689453125	train
16039:6	5.6	5.920411586761475	train
160477:87	5.1	5.031109809875488	train
16054:41	3.1	2.9250203371047974	train
160595:7	5.8	5.786150932312012	train
160993:10	4.3	4.2381486892700195	train
161018:14	5.7	5.456768870353699	train
161045:13	6.4	6.019430875778198	train
161106:35	6.0	5.984924077987671	train
161185:14	2.1	2.307862102985382	train
161373:22	6.2	5.923778295516968	train
161619:23	2.3	2.1198371946811676	train
161653:6	5.5	5.3457218408584595	train
161668:20	5.4	5.249141216278076	train
162002:32	3.5	3.3886473178863525	train
16209:29	2.5	2.4605958461761475	train
16212:24	2.6	2.4534744918346405	train
16220:4	5.4	6.020638585090637	train
162249:54	4.4	4.350108742713928	train
163122:31	2.5	2.3096669614315033	train
163188:16	3.2	3.023038625717163	train
16318:47	2.9	2.5212963819503784	train
163234:34	6.2	6.043406248092651	train
163289:195	2.8	2.6592066287994385	train
163367:85	2.2	2.1191524267196655	train
163414:55	4.3	4.137171030044556	train
16349:60	5.5	5.353856086730957	train
163528:86	2.8	2.617645263671875	train
163703:15	5.8	5.77574610710144	train
1638:23	3.3	3.3071542978286743	train
164038:17	2.1	2.2331952154636383	train
164050:47	4.6	4.56210732460022	train
164073:37	1.7	1.7630537748336792	train
164091:22	2.5	2.3914928436279297	train
164095:28	3.0	2.774155378341675	train
164110:55	3.5	3.5068522691726685	train
16415:5	5.3	5.809677839279175	train
164368:12	6.8	6.035747289657593	train
164404:48	5.7	5.819777965545654	train
16456:40	3.7	2.516836941242218	train
164770:133	3.9	3.7063210010528564	train
164949:21	4.0	3.843656539916992	train
165280:27	2.9	2.94848769903183	train
165513:41	4.4	4.325928092002869	train
165687:30	3.7	3.63155460357666	train
16570:13	4.7	4.452816963195801	train
165750:14	4.3	4.132402420043945	train
165858:16	6.0	5.847248435020447	train
166085:182	4.6	4.637803912162781	train
16608:27	4.2	4.065237402915955	train
166169:26	6.2	5.983208537101746	train
166177:13	4.4	4.271554350852966	train
16640:26	6.0	5.7802969217300415	train
166453:10	2.1	2.1604223251342773	train
166762:101	3.3	3.308902382850647	train
166774:13	4.7	4.65009880065918	train
166806:63	3.7	3.6247968673706055	train
166817:15	1.8	2.2335084080696106	train
166876:51	2.2	2.1519057750701904	train
166903:55	5.9	5.721397757530212	train
166971:48	3.5	3.4288192987442017	train
167015:43	2.8	2.669262409210205	train
168216:15	3.1	2.899630904197693	train
168217:7	4.8	4.567143440246582	train
168218:13	4.2	4.123394131660461	train
168236:157	4.0	3.785979747772217	train
168576:39	6.2	6.0393664836883545	train
168606:48	4.1	4.127439975738525	train
1686:32	2.4	2.0588400065898895	train
168976:57	3.8	3.737027645111084	train
168991:40	5.6	5.612189292907715	train
169024:29	3.0	3.029291033744812	train
169028:53	4.5	4.377591371536255	train
169366:50	5.3	5.437438726425171	train
169714:12	2.0	2.350542664527893	train
169818:78	3.3	3.4290027618408203	train
169856:19	5.5	5.557217597961426	train
169857:78	3.0	2.888473629951477	train
169890:62	5.8	5.736383080482483	train
169898:50	1.9	1.9440082907676697	train
169939:81	3.5	3.507998824119568	train
170022:25	3.3	2.616930365562439	train
170188:13	4.4	4.185863494873047	train
170740:34	2.2	2.4707806408405304	train
170937:25	6.0	5.948890924453735	train
171283:17	5.0	5.583080887794495	train
171283:28	5.9	5.8820481300354	train
171296:110	5.7	5.737454533576965	train
171344:39	1.9	1.8626502752304077	train
171678:13	2.2	2.030980348587036	train
171692:24	2.5	2.612296402454376	train
171693:31	2.2	2.524323344230652	train
171919:12	2.0	2.739174008369446	train
171919:19	3.6	2.6374794840812683	train
171931:87	1.3	1.6330831795930862	train
171967:54	6.2	6.099542737007141	train
172002:14	5.8	5.797559976577759	train
172225:11	3.6	3.374885082244873	train
172264:114	4.4	4.304710745811462	train
172656:9	6.0	6.361896395683289	train
173724:18	6.2	6.041997194290161	train
174160:14	4.5	4.466188669204712	train
174196:39	2.3	2.1311047971248627	train
174455:135	3.4	3.352958559989929	train
174570:7	3.1	2.8766075372695923	train
174581:22	2.9	2.6896915435791016	train
174864:19	2.5	2.4122779965400696	train
174932:42	5.1	5.076627254486084	train
175399:7	4.6	4.615053772926331	train
175669:10	5.8	5.830037236213684	train
175702:23	4.8	4.5259236097335815	train
175724:80	4.0	3.834746241569519	train
176211:25	3.4	3.2026865482330322	train
176346:16	2.9	2.639770984649658	train
176628:53	1.9	1.787124902009964	train
176780:98	3.0	2.9247134923934937	train
176952:43	2.3	2.4077326357364655	train
176960:92	3.9	3.776517629623413	train
177102:83	2.2	2.1254761815071106	train
177105:58	3.2	3.0611571073532104	train
177328:13	3.2	2.6950096487998962	train
177493:13	2.2	1.992790699005127	train
18087:40	4.1	4.075169801712036	train
18285:38	1.8	1.6639010906219482	train
18335:127	2.1	2.0349777340888977	train
18660:24	4.5	4.238657236099243	train
19045:21	5.5	5.453263759613037	train
19161:75	3.2	3.2245404720306396	train
19223:138	3.2	3.052918791770935	train
19284:42	3.3	3.0100878477096558	train
19295:81	2.5	2.3028934001922607	train
19360:7	5.2	5.067950487136841	train
19474:11	2.5	2.397239029407501	train
19744:12	1.9	2.364095151424408	train
19745:104	2.8	2.6425227522850037	train
1988:12	5.4	5.405650615692139	train
19933:5	5.8	5.987280488014221	train
20045:19	3.3	3.1942039728164673	train
2006:5	5.8	5.915622234344482	train
20142:232	3.7	3.6869972944259644	train
20176:47	4.4	4.249844193458557	train
20307:42	2.4	2.2196261882781982	train
20718:26	4.9	4.8830726146698	train
20722:22	2.5	2.343264937400818	train
20838:36	2.7	2.4323514699935913	train
2100:38	2.2	2.051699161529541	train
2180:39	3.5	3.6159781217575073	train
2199:135	3.1	3.004210948944092	train
22657:23	3.2	3.274904489517212	train
22799:53	2.1	2.0833119451999664	train
22932:13	2.6	2.4032349288463593	train
22933:25	4.0	3.9537919759750366	train
22992:33	5.7	5.623494267463684	train
23017:54	2.2	2.1023597419261932	train
2345:21	5.1	4.890110373497009	train
23510:57	4.3	4.303533434867859	train
23630:11	3.9	3.9374226331710815	train
23634:28	2.3	2.5618796348571777	train
23641:34	5.5	5.511851072311401	train
23861:102	3.0	2.1374860405921936	train
23861:130	1.4	2.089585542678833	train
23994:24	4.7	4.6234952211380005	train
24055:33	5.1	5.034002304077148	train
24056:22	3.4	3.5162335634231567	train
24192:41	3.4	3.375253975391388	train
24388:44	2.1	1.9207210838794708	train
24418:16	1.9	2.361800879240036	train
24443:14	4.6	4.59279465675354	train
2454:46	3.6	3.323596954345703	train
24771:51	5.2	5.174061894416809	train
24802:122	3.3	3.182854652404785	train
24959:32	2.0	1.8205154538154602	train
24962:14	5.6	5.469966411590576	train
25010:18	2.6	2.777443766593933	train
25273:85	4.8	4.731723070144653	train
25479:56	2.3	2.1028687357902527	train
25608:31	4.1	3.9951902627944946	train
26057:49	2.5	2.3180065751075745	train
26977:14	4.9	4.761532783508301	train
27056:5	6.4	6.0470991134643555	train
27147:10	4.9	4.645870208740234	train
27330:65	4.4	4.401717662811279	train
27507:15	2.3	2.0636468827724457	train
2767:14	5.9	5.407297849655151	train
27683:75	6.1	5.914275050163269	train
27773:13	5.9	5.884304046630859	train
27780:99	5.0	4.948121905326843	train
27798:15	4.1	3.419256329536438	train
27799:10	3.5	3.3605302572250366	train
27803:45	2.5	2.2473650574684143	train
27808:28	5.2	5.1929192543029785	train
27864:37	6.1	5.997133135795593	train
28597:28	4.4	4.284554839134216	train
28711:26	5.6	5.484609127044678	train
28734:50	1.7	1.765148401260376	train
29177:102	2.2	2.3284645080566406	train
29177:21	2.8	2.3718055188655853	train
29208:96	3.4	3.1688588857650757	train
29227:52	2.7	2.554108202457428	train
29410:26	2.6	2.3673304319381714	train
29416:66	6.1	5.929782867431641	train
29611:17	3.1	2.903207004070282	train
29678:24	3.4	3.4320316910743713	train
30391:26	5.2	5.189887285232544	train
30438:27	3.9	3.8166985511779785	train
30439:48	3.6	3.528676152229309	train
30493:38	2.5	2.390351116657257	train
30504:13	4.1	3.5987175703048706	train
30872:58	2.4	2.298761010169983	train
30987:12	5.2	5.037669062614441	train
31080:59	5.0	5.002493858337402	train
31080:8	5.3	5.119709610939026	train
31180:170	3.7	3.6760435104370117	train
31180:58	4.0	3.638787627220154	train
31195:47	5.6	5.516680836677551	train
31254:36	5.7	5.488255143165588	train
31271:110	3.8	3.5654613971710205	train
31278:24	2.8	2.8702027797698975	train
31279:10	4.3	4.2641496658325195	train
31317:82	3.9	3.822529673576355	train
31489:41	5.4	5.3615429401397705	train
31533:12	2.5	2.2972664833068848	train
31917:13	2.3	1.9696308970451355	train
31987:28	1.7	1.7147164344787598	train
32005:38	2.0	1.9192166328430176	train
3226:17	2.3	2.1761054694652557	train
32577:19	3.0	3.3580676317214966	train
32577:41	3.9	3.37153697013855	train
32704:46	4.0	3.9954899549484253	train
32809:15	4.1	3.98709499835968	train
32942:10	2.5	2.482008635997772	train
32953:16	2.9	2.6407650113105774	train
32953:43	2.5	2.67413330078125	train
32957:13	3.7	3.2521300315856934	train
32977:37	3.6	3.578898549079895	train
33002:13	3.2	2.9898221492767334	train
33143:60	5.7	5.542962908744812	train
33291:14	1.8	2.3896144032478333	train
33466:11	2.5	2.269710808992386	train
3372:16	2.2	2.145337849855423	train
33859:9	3.8	3.9320077896118164	train
34501:47	5.2	5.107730865478516	train
35085:21	5.2	5.421552896499634	train
35130:35	4.7	4.428953170776367	train
35565:48	2.9	2.6853232979774475	train
35576:25	2.9	2.5979557037353516	train
362:44	5.0	4.9450119733810425	train
36420:35	5.3	5.386757135391235	train
36611:16	5.8	5.822092533111572	train
36613:5	6.5	6.0137563943862915	train
36621:7	5.5	5.627892017364502	train
36737:8	5.4	5.733464479446411	train
36918:34	5.6	5.500550746917725	train
37224:9	3.8	3.940301537513733	train
37263:24	2.6	2.5562738180160522	train
37283:73	4.0	3.9263111352920532	train
37349:44	5.7	5.566671133041382	train
37616:97	3.2	3.184524416923523	train
37846:61	3.6	3.698177456855774	train
38055:13	4.7	4.599538087844849	train
38063:54	2.1	2.000047594308853	train
38581:37	4.4	4.224724054336548	train
38592:10	5.2	5.059892416000366	train
38641:36	3.8	3.9952460527420044	train
38641:72	4.8	4.061857461929321	train
38844:23	4.4	4.203580737113953	train
38898:13	4.2	4.401418328285217	train
38919:40	2.9	2.715877056121826	train
38927:18	2.2	2.411155939102173	train
38978:27	3.5	3.4260523319244385	train
39025:60	5.1	5.073721885681152	train
39035:20	3.5	3.3975000381469727	train
39130:54	5.1	4.949533104896545	train
39190:38	4.0	3.985263228416443	train
39408:26	3.1	3.0021565556526184	train
39625:37	3.7	3.4592537879943848	train
39653:15	2.9	2.7291906476020813	train
39753:27	3.5	3.39398330450058	train
39986:52	3.5	3.4578654766082764	train
4008:21	5.4	5.138010501861572	train
40634:72	4.0	3.9799907207489014	train
41388:61	5.2	5.105299711227417	train
41566:22	1.9	2.266481339931488	train
41573:26	3.6	3.4803459644317627	train
41717:66	6.0	5.84093451499939	train
42132:18	4.3	4.212387681007385	train
42149:6	5.6	5.541369676589966	train
42183:38	1.7	1.729931801557541	train
42470:35	2.5	2.430741161108017	train
42623:15	6.1	5.924119472503662	train
42645:119	5.9	5.677948474884033	train
43046:79	4.0	3.9620331525802612	train
43407:11	4.2	4.078685998916626	train
43559:43	4.5	4.344569802284241	train
43642:11	2.1	2.0556690096855164	train
43815:11	2.6	2.392831265926361	train
43900:8	5.8	5.978756427764893	train
44119:16	5.2	5.322280406951904	train
4457:24	5.5	5.245461940765381	train
44694:37	5.3	5.37626039981842	train
4489:44	2.1	2.03209525346756	train
44903:37	2.0	1.9013606309890747	train
4490:19	4.7	4.637838244438171	train
44939:18	1.9	1.7808729410171509	train
44952:36	5.1	4.989750504493713	train
45036:13	3.0	2.8619072437286377	train
45067:40	3.9	3.8420504331588745	train
45071:17	4.6	4.602004289627075	train
4528:7	6.6	6.238381743431091	train
4529:7	6.2	5.986671447753906	train
456:25	2.4	2.2516934275627136	train
45790:32	3.2	3.0708892345428467	train
46328:7	5.6	5.471596121788025	train
46446:10	4.8	4.306232452392578	train
46965:16	3.5	3.3964697122573853	train
47147:12	1.8	1.718813732266426	train
47182:40	1.7	1.7265920042991638	train
47226:12	3.0	2.5828373432159424	train
47270:33	5.5	5.539332985877991	train
47430:120	3.3	3.1185492277145386	train
47593:18	2.9	2.7446281909942627	train
47856:7	5.7	5.445478558540344	train
4795:25	5.6	5.513822317123413	train
48103:10	2.3	2.4169416427612305	train
48532:18	4.4	4.290573000907898	train
48582:11	4.7	4.769889831542969	train
48706:4	3.9	3.987734794616699	train
49551:24	2.7	2.488593727350235	train
49875:48	4.1	4.066848516464233	train
49908:42	5.6	5.551286339759827	train
50337:29	6.3	6.020110368728638	train
50456:132	2.2	2.044002652168274	train
50720:6	5.5	5.458195090293884	train
51340:81	4.2	4.091764450073242	train
5140:15	2.1	1.9604167938232422	train
51562:11	2.6	2.608270049095154	train
5156:27	2.6	2.454157918691635	train
51582:32	5.0	4.8140997886657715	train
51876:10	3.2	2.6085017919540405	train
52283:13	6.0	5.755068063735962	train
52983:20	2.6	2.446597933769226	train
53223:87	2.0	1.8837276101112366	train
53389:28	3.9	3.9383292198181152	train
53598:10	2.6	2.427909553050995	train
53602:9	3.4	3.4877517223358154	train
53610:9	3.1	2.709933280944824	train
53626:13	2.7	2.368803858757019	train
5366:34	5.3	5.228456020355225	train
53690:14	4.7	4.828113794326782	train
53912:14	4.6	4.611463189125061	train
53913:6	5.6	5.485555410385132	train
54373:11	5.0	5.060702800750732	train
54840:11	3.7	3.6456161737442017	train
54865:37	2.0	1.829262226819992	train
55028:10	5.1	5.556180477142334	train
55120:15	1.9	1.9161322712898254	train
55159:38	3.9	3.7550928592681885	train
55219:110	4.7	4.636564373970032	train
55892:50	5.1	4.959957599639893	train
55919:10	4.3	4.531322002410889	train
55920:12	2.8	2.750016212463379	train
55947:53	2.4	2.2034358382225037	train
56003:40	1.9	1.9362850487232208	train
56053:54	3.4	3.232218384742737	train
56109:69	4.2	3.886500358581543	train
56132:85	3.6	3.48870050907135	train
56198:25	3.6	3.5219802856445312	train
56203:18	3.8	3.524516224861145	train
56317:78	2.5	2.392661392688751	train
56319:15	3.2	2.9142872095108032	train
56417:25	2.1	2.3423628211021423	train
56656:83	2.2	2.203439772129059	train
56897:6	5.2	5.050265789031982	train
57069:61	4.5	4.4850499629974365	train
57403:47	2.2	1.9780897796154022	train
57643:110	2.5	2.333787262439728	train
57861:27	4.6	4.474849343299866	train
57998:87	4.3	4.222140908241272	train
58800:5	5.3	5.772563219070435	train
58962:27	5.8	5.740141034126282	train
59544:10	4.7	4.450172662734985	train
59895:11	2.2	1.9992489218711853	train
60034:130	3.0	2.9396809339523315	train
60662:8	4.6	4.604239463806152	train
60699:26	2.7	2.4437522888183594	train
60960:37	3.4	3.3674181699752808	train
61000:7	5.5	5.495009660720825	train
61208:34	5.7	5.750913858413696	train
61752:73	3.3	3.1125435829162598	train
61917:28	2.8	2.756275773048401	train
62101:38	5.9	5.842316389083862	train
62192:35	1.8	2.2380788028240204	train
62502:62	5.2	5.123294115066528	train
62581:54	3.6	3.29121732711792	train
62647:7	5.5	5.393216252326965	train
62690:49	3.5	3.333760380744934	train
62717:78	2.6	2.3262568712234497	train
62771:99	1.8	1.8743957579135895	train
63108:7	6.2	6.006847381591797	train
63221:32	4.3	4.199534893035889	train
63398:14	2.9	2.7866183519363403	train
63606:10	6.2	6.143681526184082	train
63913:49	3.3	3.2365914583206177	train
6395:54	2.3	2.197606861591339	train
63963:80	4.5	4.365658760070801	train
6396:60	4.0	3.675480604171753	train
6397:25	3.4	3.389522433280945	train
64299:18	2.3	2.1250369250774384	train
64564:10	1.8	1.7809637784957886	train
64610:17	3.8	3.5633277893066406	train
64969:22	1.9	1.6698708832263947	train
64969:34	1.4	1.581202819943428	train
65258:45	3.1	3.048262119293213	train
65357:5	4.9	4.7230366468429565	train
65454:12	2.6	2.35330668091774	train
65668:54	5.3	5.204699516296387	train
6581:42	5.3	5.363293886184692	train
65910:42	4.4	4.258141875267029	train
65989:12	2.8	2.584165930747986	train
65999:146	5.9	5.745002269744873	train
6607:30	5.8	5.802319645881653	train
66483:25	5.7	5.614455223083496	train
66700:13	6.2	5.994738817214966	train
66765:5	5.5	5.430361986160278	train
6686:28	4.0	2.7888031005859375	train
6686:61	1.8	2.8241825103759766	train
67111:45	5.2	5.381903409957886	train
67111:87	5.8	5.313782811164856	train
67466:21	3.4	3.3563857078552246	train
67607:18	3.6	3.9934303760528564	train
67949:38	5.25	5.230720520019531	train
68658:113	5.7	5.6068878173828125	train
68757:42	2.6	2.3743284940719604	train
69672:11	2.9	2.691916346549988	train
69750:37	3.1	2.736576557159424	train
70123:18	2.2	2.4411028921604156	train
7017:34	5.6	5.47217869758606	train
70200:18	2.1	1.8837282359600067	train
70670:14	3.2	3.136587977409363	train
70703:18	2.4	2.1742905974388123	train
70851:34	3.7	3.6185812950134277	train
70974:78	4.1	3.9537848234176636	train
7100:11	6.0	5.9442750215530396	train
71046:43	6.0	5.955334305763245	train
71184:87	2.8	2.615369498729706	train
71222:34	2.0	1.9700820446014404	train
71287:32	5.2	5.214735984802246	train
71321:4	6.0	5.846817851066589	train
71322:37	4.9	4.781359672546387	train
71540:47	1.8	1.8443296253681183	train
71600:26	2.4	2.1591451466083527	train
72079:13	5.5	5.485054016113281	train
72090:7	5.8	5.837161540985107	train
72128:34	5.2	5.051826477050781	train
72160:27	2.6	2.4811469316482544	train
72554:39	4.3	4.3243327140808105	train
72579:15	3.2	2.828922152519226	train
7265:10	4.0	3.9891213178634644	train
7267:12	3.4	3.240733504295349	train
72763:7	5.2	5.6301175355911255	train
7285:11	3.2	3.146003246307373	train
73538:38	6.2	5.9769521951675415	train
7361:10	2.3	2.060611069202423	train
74032:16	3.1	2.8986005783081055	train
74155:5	4.0	3.911247134208679	train
74301:11	1.5	1.67466801404953	train
74324:8	5.3	5.353316426277161	train
74341:4	3.1	2.880414843559265	train
74537:12	2.4	2.1078460216522217	train
74560:83	3.3	3.1391364336013794	train
74568:22	3.8	3.748089075088501	train
74580:17	2.0	1.868863970041275	train
74608:91	4.7	4.6634955406188965	train
74757:171	2.7	2.618903934955597	train
74797:57	1.7	1.6753719598054886	train
75025:28	5.1	5.239704132080078	train
7526:63	4.5	4.357361078262329	train
75552:115	3.8	3.5881171226501465	train
75949:43	5.5	5.462269902229309	train
76200:18	3.6	3.5804481506347656	train
76211:56	2.8	2.70737087726593	train
76223:21	2.4	2.4381008744239807	train
76326:14	4.4	4.3708672523498535	train
76377:93	2.4	2.223030984401703	train
76785:80	4.7	4.686782121658325	train
76809:59	3.9	3.792128801345825	train
77264:6	4.8	4.735953092575073	train
77358:19	3.3	2.4928828477859497	train
77398:5	5.4	5.266891717910767	train
77461:30	2.3	2.3350785672664642	train
7758:15	4.8	4.633596062660217	train
77759:32	4.2	4.2083282470703125	train
77843:15	2.6	2.4963183999061584	train
78212:39	5.4	5.419343113899231	train
78394:33	6.0	5.874608755111694	train
78585:7	5.3	5.069371700286865	train
78614:111	4.1	3.997501254081726	train
78762:25	4.0	3.7575111389160156	train
79030:34	4.5	4.365410923957825	train
79557:42	4.7	4.710467457771301	train
80218:50	1.8	1.865289568901062	train
80278:17	3.3	3.0190939903259277	train
80299:13	5.1	5.089200019836426	train
80333:17	6.1	5.88895857334137	train
80438:40	2.9	2.83711701631546	train
80629:13	5.8	5.700938940048218	train
80692:12	2.9	2.820693850517273	train
80877:63	2.3	2.192022144794464	train
81221:70	4.7	4.665112733840942	train
81802:32	5.2	5.074495792388916	train
81929:47	3.9	3.7295771837234497	train
82021:22	2.7	2.4567346274852753	train
82295:13	2.9	2.669106662273407	train
82296:18	4.1	4.041320323944092	train
82503:72	2.8	2.5992274284362793	train
82687:34	5.0	4.923094391822815	train
82800:12	2.7	2.514391303062439	train
83449:21	6.0	6.080018758773804	train
83449:32	6.2	6.034575700759888	train
83966:23	1.6	2.2204984426498413	train
84117:33	1.4	1.6121734380722046	train
84120:11	3.9	3.843608260154724	train
84152:34	3.5	3.2844154238700867	train
84205:26	4.9	4.7203404903411865	train
84633:31	5.4	5.446809649467468	train
85193:35	2.3	2.2809486389160156	train
85252:8	4.4	4.260333061218262	train
85881:104	2.7	2.5687636137008667	train
86088:57	3.7	3.5870614051818848	train
86100:21	2.2	2.4545796513557434	train
86100:26	2.6	2.533361852169037	train
86408:11	5.7	5.578712463378906	train
86451:40	5.4	5.3381587266922	train
86455:28	4.1	4.032630681991577	train
86489:22	5.1	5.147953271865845	train
87190:11	5.3	5.26348602771759	train
87240:87	4.6	4.577016472816467	train
87467:20	3.2	2.737518548965454	train
87654:14	3.8	3.8777488470077515	train
87654:69	4.3	4.002611756324768	train
88001:41	4.7	4.7140491008758545	train
88070:6	5.9	5.720648527145386	train
8865:47	2.9	2.724404513835907	train
8865:67	3.1	2.9373388290405273	train
88662:24	2.5	2.377018839120865	train
8866:65	6.1	5.8653401136398315	train
88674:10	4.2	4.04231595993042	train
8867:13	1.6	1.6821676939725876	train
88706:22	3.5	3.3624571561813354	train
88772:47	2.4	2.2067640125751495	train
8884:22	3.6	3.2994070053100586	train
89180:32	3.9	3.590801477432251	train
89238:15	2.1	2.3184066712856293	train
89259:13	6.4	5.6114819049835205	train
8930:19	2.5	2.3111325204372406	train
89352:11	2.6	2.1076216101646423	train
89580:13	6.3	6.133241653442383	train
90033:32	5.1	4.946020483970642	train
90230:11	2.5	2.2570363879203796	train
90848:29	4.4	4.330297589302063	train
90995:20	5.5	5.543070197105408	train
9106:85	4.3	4.132699966430664	train
91184:148	5.7	5.598005414009094	train
91185:45	3.3	3.120651364326477	train
91286:72	4.7	4.637936592102051	train
91333:59	4.8	4.613200902938843	train
91388:33	4.5	4.465459108352661	train
91758:36	2.5	2.412464678287506	train
9196:49	5.0	4.913339734077454	train
92394:53	4.7	4.496075987815857	train
92861:25	4.0	3.8367700576782227	train
93005:47	2.7	2.5086560249328613	train
93477:92	2.5	2.401829719543457	train
94280:31	3.4	3.3157609701156616	train
9455:69	4.0	4.034433841705322	train
94633:27	5.5	5.349210143089294	train
94747:14	3.0	2.6220623254776	train
94780:11	5.6	5.721674203872681	train
94784:6	5.3	5.108055949211121	train
9486:4	5.4	5.367213129997253	train
9501:60	5.1	5.0738584995269775	train
95199:151	2.5	2.2754362523555756	train
9524:43	3.3	3.299019694328308	train
95345:10	3.6	2.9901418685913086	train
95400:23	3.0	2.895958423614502	train
95535:14	6.3	5.8876142501831055	train
95586:13	2.2	1.9755069017410278	train
95645:100	4.1	3.990714192390442	train
95645:41	4.2	4.032475471496582	train
95804:23	3.2	3.062945783138275	train
95835:35	2.5	2.3060329258441925	train
9584:73	5.8	5.612560510635376	train
95853:38	5.5	5.4236836433410645	train
96261:16	2.2	2.544423997402191	train
96724:27	2.9	2.454690158367157	train
96743:132	2.4	2.2657008171081543	train
96775:40	3.5	3.2651097774505615	train
96866:33	4.5	4.533655166625977	train
96870:36	4.4	4.150721907615662	train
96882:42	3.6	3.497357964515686	train
96886:11	4.6	4.342320680618286	train
97004:103	1.5	1.6699070483446121	train
97106:20	4.6	4.318552732467651	train
97229:18	2.9	2.539807915687561	train
97584:19	3.2	2.9697227478027344	train
9762:24	5.6	5.495272874832153	train
98248:22	4.5	4.2678139209747314	train
98822:22	4.4	4.243105411529541	train
98932:25	2.2	2.294181764125824	train
98986:4	5.9	5.7987669706344604	train
99158:38	4.4	4.418638825416565	train
99170:29	5.2	5.28253436088562	train
99236:8	6.1	5.934085845947266	train
99247:72	6.0	6.044278502464294	train
99256:22	4.8	5.198741436004639	train
99256:38	5.6	5.291740417480469	train
99291:5	4.9	4.627846121788025	train
99355:10	5.7	5.910975933074951	train
99608:4	5.0	4.789246082305908	train
99637:89	1.5	1.7436447739601135	train
99651:29	2.2	2.0559370517730713	train
9967:56	4.3	4.363978624343872	train
99831:29	1.4	1.689853474497795	train
99947:44	2.8	2.7487738132476807	train
